--------------------------------------------------------
--  파일이 생성됨 - 일요일-2월-26-2023   
--------------------------------------------------------
--------------------------------------------------------
--  DDL for Sequence SEQ_CAT
--------------------------------------------------------

   CREATE SEQUENCE  "SHOP"."SEQ_CAT"  MINVALUE 1 MAXVALUE 9999999999999999999999999999 INCREMENT BY 1 START WITH 12 NOCACHE  NOORDER  NOCYCLE ;
--------------------------------------------------------
--  DDL for Sequence SEQ_MEM
--------------------------------------------------------

   CREATE SEQUENCE  "SHOP"."SEQ_MEM"  MINVALUE 1 MAXVALUE 9999999999999999999999999999 INCREMENT BY 1 START WITH 41 NOCACHE  NOORDER  NOCYCLE ;
--------------------------------------------------------
--  DDL for Sequence SEQ_PRO
--------------------------------------------------------

   CREATE SEQUENCE  "SHOP"."SEQ_PRO"  MINVALUE 1 MAXVALUE 9999999999999999999999999999 INCREMENT BY 1 START WITH 114 NOCACHE  NOORDER  NOCYCLE ;
--------------------------------------------------------
--  DDL for Table CART
--------------------------------------------------------

  CREATE TABLE "SHOP"."CART" 
   (	"PRO_IDX" NUMBER, 
	"MEM_IDX" NUMBER, 
	"INIT_DATE" TIMESTAMP (6), 
	"QUANTITY" NUMBER, 
	"STATUS" NUMBER, 
	"FINAL_DATE" TIMESTAMP (6)
   ) SEGMENT CREATION IMMEDIATE 
  PCTFREE 10 PCTUSED 40 INITRANS 1 MAXTRANS 255 NOCOMPRESS LOGGING
  STORAGE(INITIAL 65536 NEXT 1048576 MINEXTENTS 1 MAXEXTENTS 2147483645
  PCTINCREASE 0 FREELISTS 1 FREELIST GROUPS 1 BUFFER_POOL DEFAULT FLASH_CACHE DEFAULT CELL_FLASH_CACHE DEFAULT)
  TABLESPACE "USERS" ;
--------------------------------------------------------
--  DDL for Table CATEGORY
--------------------------------------------------------

  CREATE TABLE "SHOP"."CATEGORY" 
   (	"CAT_IDX" NUMBER, 
	"CAT_NAME" VARCHAR2(50 BYTE)
   ) SEGMENT CREATION IMMEDIATE 
  PCTFREE 10 PCTUSED 40 INITRANS 1 MAXTRANS 255 NOCOMPRESS LOGGING
  STORAGE(INITIAL 65536 NEXT 1048576 MINEXTENTS 1 MAXEXTENTS 2147483645
  PCTINCREASE 0 FREELISTS 1 FREELIST GROUPS 1 BUFFER_POOL DEFAULT FLASH_CACHE DEFAULT CELL_FLASH_CACHE DEFAULT)
  TABLESPACE "USERS" ;

   COMMENT ON COLUMN "SHOP"."CATEGORY"."CAT_IDX" IS '카테고리번호';
   COMMENT ON COLUMN "SHOP"."CATEGORY"."CAT_NAME" IS '카테고리이름
';
--------------------------------------------------------
--  DDL for Table MEMBER
--------------------------------------------------------

  CREATE TABLE "SHOP"."MEMBER" 
   (	"MEM_IDX" NUMBER, 
	"ID" VARCHAR2(20 BYTE), 
	"PW" VARCHAR2(20 BYTE), 
	"NAME" VARCHAR2(20 BYTE), 
	"GRADE" VARCHAR2(20 BYTE), 
	"POINT" NUMBER, 
	"JOIN_DATE" DATE, 
	"TYPE" VARCHAR2(20 BYTE)
   ) SEGMENT CREATION IMMEDIATE 
  PCTFREE 10 PCTUSED 40 INITRANS 1 MAXTRANS 255 NOCOMPRESS LOGGING
  STORAGE(INITIAL 65536 NEXT 1048576 MINEXTENTS 1 MAXEXTENTS 2147483645
  PCTINCREASE 0 FREELISTS 1 FREELIST GROUPS 1 BUFFER_POOL DEFAULT FLASH_CACHE DEFAULT CELL_FLASH_CACHE DEFAULT)
  TABLESPACE "USERS" ;

   COMMENT ON COLUMN "SHOP"."MEMBER"."MEM_IDX" IS '회원번호';
   COMMENT ON COLUMN "SHOP"."MEMBER"."ID" IS '회원아이디';
   COMMENT ON COLUMN "SHOP"."MEMBER"."PW" IS '회원비밀번호';
   COMMENT ON COLUMN "SHOP"."MEMBER"."NAME" IS '회원이름';
   COMMENT ON COLUMN "SHOP"."MEMBER"."GRADE" IS '회원등급';
   COMMENT ON COLUMN "SHOP"."MEMBER"."POINT" IS '회원적립금';
   COMMENT ON COLUMN "SHOP"."MEMBER"."JOIN_DATE" IS '가입날짜';
   COMMENT ON COLUMN "SHOP"."MEMBER"."TYPE" IS '회원유형';
--------------------------------------------------------
--  DDL for Table ORDER_LOG
--------------------------------------------------------

  CREATE TABLE "SHOP"."ORDER_LOG" 
   (	"PRO_IDX" NUMBER, 
	"MEM_IDX" NUMBER, 
	"ORDER_DATE" TIMESTAMP (6), 
	"QUANTITY" NUMBER, 
	"INIT_DATE" TIMESTAMP (6), 
	"STATUS" NUMBER, 
	"FINAL_DATE" TIMESTAMP (6)
   ) SEGMENT CREATION IMMEDIATE 
  PCTFREE 10 PCTUSED 40 INITRANS 1 MAXTRANS 255 NOCOMPRESS LOGGING
  STORAGE(INITIAL 65536 NEXT 1048576 MINEXTENTS 1 MAXEXTENTS 2147483645
  PCTINCREASE 0 FREELISTS 1 FREELIST GROUPS 1 BUFFER_POOL DEFAULT FLASH_CACHE DEFAULT CELL_FLASH_CACHE DEFAULT)
  TABLESPACE "USERS" ;

   COMMENT ON COLUMN "SHOP"."ORDER_LOG"."PRO_IDX" IS '상품번호';
   COMMENT ON COLUMN "SHOP"."ORDER_LOG"."MEM_IDX" IS '회원번호';
   COMMENT ON COLUMN "SHOP"."ORDER_LOG"."ORDER_DATE" IS '주문날짜';
   COMMENT ON COLUMN "SHOP"."ORDER_LOG"."QUANTITY" IS '수량';
   COMMENT ON COLUMN "SHOP"."ORDER_LOG"."INIT_DATE" IS '판매날짜';
--------------------------------------------------------
--  DDL for Table PRODUCT
--------------------------------------------------------

  CREATE TABLE "SHOP"."PRODUCT" 
   (	"PRO_IDX" NUMBER, 
	"NAME" VARCHAR2(100 BYTE), 
	"CATEGORY_ID" NUMBER, 
	"PRICE" NUMBER, 
	"IMG_ADDRESS" VARCHAR2(50 BYTE), 
	"INVENTORY" NUMBER
   ) SEGMENT CREATION IMMEDIATE 
  PCTFREE 10 PCTUSED 40 INITRANS 1 MAXTRANS 255 NOCOMPRESS LOGGING
  STORAGE(INITIAL 65536 NEXT 1048576 MINEXTENTS 1 MAXEXTENTS 2147483645
  PCTINCREASE 0 FREELISTS 1 FREELIST GROUPS 1 BUFFER_POOL DEFAULT FLASH_CACHE DEFAULT CELL_FLASH_CACHE DEFAULT)
  TABLESPACE "USERS" ;

   COMMENT ON COLUMN "SHOP"."PRODUCT"."PRO_IDX" IS '상품번호';
   COMMENT ON COLUMN "SHOP"."PRODUCT"."NAME" IS '상품이름';
   COMMENT ON COLUMN "SHOP"."PRODUCT"."CATEGORY_ID" IS '상품유형';
   COMMENT ON COLUMN "SHOP"."PRODUCT"."PRICE" IS '상품가격';
   COMMENT ON COLUMN "SHOP"."PRODUCT"."IMG_ADDRESS" IS '이미지주소';
   COMMENT ON COLUMN "SHOP"."PRODUCT"."INVENTORY" IS '재고량';
--------------------------------------------------------
--  DDL for Table REVIEW
--------------------------------------------------------

  CREATE TABLE "SHOP"."REVIEW" 
   (	"PRO_IDX" NUMBER, 
	"MEM_IDX" NUMBER, 
	"COM_DATE" TIMESTAMP (6), 
	"COMMENTS" VARCHAR2(315 BYTE), 
	"STAR_RATING" NUMBER
   ) SEGMENT CREATION IMMEDIATE 
  PCTFREE 10 PCTUSED 40 INITRANS 1 MAXTRANS 255 NOCOMPRESS LOGGING
  STORAGE(INITIAL 65536 NEXT 1048576 MINEXTENTS 1 MAXEXTENTS 2147483645
  PCTINCREASE 0 FREELISTS 1 FREELIST GROUPS 1 BUFFER_POOL DEFAULT FLASH_CACHE DEFAULT CELL_FLASH_CACHE DEFAULT)
  TABLESPACE "USERS" ;

   COMMENT ON COLUMN "SHOP"."REVIEW"."PRO_IDX" IS '상품번호';
   COMMENT ON COLUMN "SHOP"."REVIEW"."MEM_IDX" IS '회원번호';
   COMMENT ON COLUMN "SHOP"."REVIEW"."COM_DATE" IS '작성날짜';
   COMMENT ON COLUMN "SHOP"."REVIEW"."COMMENTS" IS '내용';
   COMMENT ON COLUMN "SHOP"."REVIEW"."STAR_RATING" IS '별점';
REM INSERTING into SHOP.CART
SET DEFINE OFF;
REM INSERTING into SHOP.CATEGORY
SET DEFINE OFF;
Insert into SHOP.CATEGORY (CAT_IDX,CAT_NAME) values (1,'라이프스타일');
Insert into SHOP.CATEGORY (CAT_IDX,CAT_NAME) values (2,'조던');
Insert into SHOP.CATEGORY (CAT_IDX,CAT_NAME) values (3,'러닝');
Insert into SHOP.CATEGORY (CAT_IDX,CAT_NAME) values (4,'농구');
Insert into SHOP.CATEGORY (CAT_IDX,CAT_NAME) values (5,'축구');
Insert into SHOP.CATEGORY (CAT_IDX,CAT_NAME) values (6,'트레이닝 및 짐');
Insert into SHOP.CATEGORY (CAT_IDX,CAT_NAME) values (7,'스케이트보딩');
Insert into SHOP.CATEGORY (CAT_IDX,CAT_NAME) values (8,'골프');
Insert into SHOP.CATEGORY (CAT_IDX,CAT_NAME) values (9,'테니스');
Insert into SHOP.CATEGORY (CAT_IDX,CAT_NAME) values (10,'샌들 & 슬리퍼');
REM INSERTING into SHOP.MEMBER
SET DEFINE OFF;
Insert into SHOP.MEMBER (MEM_IDX,ID,PW,NAME,GRADE,POINT,JOIN_DATE,TYPE) values (1,'admin','1234','서수정',null,null,to_date('23/02/14','RR/MM/DD'),'관리자');
Insert into SHOP.MEMBER (MEM_IDX,ID,PW,NAME,GRADE,POINT,JOIN_DATE,TYPE) values (2,'aaaa','1234','홍길동','Bronze',0,to_date('23/02/14','RR/MM/DD'),'일반');
Insert into SHOP.MEMBER (MEM_IDX,ID,PW,NAME,GRADE,POINT,JOIN_DATE,TYPE) values (3,'bbbb','1234','유재석','Bronze',0,to_date('23/02/14','RR/MM/DD'),'일반');
Insert into SHOP.MEMBER (MEM_IDX,ID,PW,NAME,GRADE,POINT,JOIN_DATE,TYPE) values (4,'cccc','1234','강호동','Bronze',0,to_date('23/02/14','RR/MM/DD'),'일반');
Insert into SHOP.MEMBER (MEM_IDX,ID,PW,NAME,GRADE,POINT,JOIN_DATE,TYPE) values (5,'dddd','1234','신동엽','Bronze',0,to_date('23/02/14','RR/MM/DD'),'일반');
Insert into SHOP.MEMBER (MEM_IDX,ID,PW,NAME,GRADE,POINT,JOIN_DATE,TYPE) values (21,'test12','11223344','테스터1','Bronze',0,to_date('23/02/23','RR/MM/DD'),'일반');
REM INSERTING into SHOP.ORDER_LOG
SET DEFINE OFF;
Insert into SHOP.ORDER_LOG (PRO_IDX,MEM_IDX,ORDER_DATE,QUANTITY,INIT_DATE,STATUS,FINAL_DATE) values (4,1,to_timestamp('23/02/26 17:39:43.000000000','RR/MM/DD HH24:MI:SSXFF'),1,to_timestamp('23/02/26 17:39:43.000000000','RR/MM/DD HH24:MI:SSXFF'),1,to_timestamp('23/02/26 17:39:43.000000000','RR/MM/DD HH24:MI:SSXFF'));
Insert into SHOP.ORDER_LOG (PRO_IDX,MEM_IDX,ORDER_DATE,QUANTITY,INIT_DATE,STATUS,FINAL_DATE) values (1,1,to_timestamp('23/02/21 17:27:38.000000000','RR/MM/DD HH24:MI:SSXFF'),4,to_timestamp('23/02/21 17:27:38.000000000','RR/MM/DD HH24:MI:SSXFF'),1,to_timestamp('23/02/23 22:39:30.000000000','RR/MM/DD HH24:MI:SSXFF'));
Insert into SHOP.ORDER_LOG (PRO_IDX,MEM_IDX,ORDER_DATE,QUANTITY,INIT_DATE,STATUS,FINAL_DATE) values (3,1,to_timestamp('23/02/21 17:28:19.000000000','RR/MM/DD HH24:MI:SSXFF'),1,to_timestamp('23/02/21 17:28:19.000000000','RR/MM/DD HH24:MI:SSXFF'),1,to_timestamp('23/02/23 22:39:30.000000000','RR/MM/DD HH24:MI:SSXFF'));
Insert into SHOP.ORDER_LOG (PRO_IDX,MEM_IDX,ORDER_DATE,QUANTITY,INIT_DATE,STATUS,FINAL_DATE) values (2,1,to_timestamp('23/02/21 17:28:25.000000000','RR/MM/DD HH24:MI:SSXFF'),3,to_timestamp('23/02/21 17:28:25.000000000','RR/MM/DD HH24:MI:SSXFF'),1,to_timestamp('23/02/23 22:39:30.000000000','RR/MM/DD HH24:MI:SSXFF'));
Insert into SHOP.ORDER_LOG (PRO_IDX,MEM_IDX,ORDER_DATE,QUANTITY,INIT_DATE,STATUS,FINAL_DATE) values (5,2,to_timestamp('23/02/26 20:18:13.000000000','RR/MM/DD HH24:MI:SSXFF'),1,to_timestamp('23/02/26 20:18:13.000000000','RR/MM/DD HH24:MI:SSXFF'),2,to_timestamp('23/02/26 20:18:25.000000000','RR/MM/DD HH24:MI:SSXFF'));
Insert into SHOP.ORDER_LOG (PRO_IDX,MEM_IDX,ORDER_DATE,QUANTITY,INIT_DATE,STATUS,FINAL_DATE) values (12,2,to_timestamp('23/02/26 20:18:17.000000000','RR/MM/DD HH24:MI:SSXFF'),1,to_timestamp('23/02/26 20:18:17.000000000','RR/MM/DD HH24:MI:SSXFF'),2,to_timestamp('23/02/26 20:18:26.000000000','RR/MM/DD HH24:MI:SSXFF'));
Insert into SHOP.ORDER_LOG (PRO_IDX,MEM_IDX,ORDER_DATE,QUANTITY,INIT_DATE,STATUS,FINAL_DATE) values (24,3,to_timestamp('18/11/28 03:14:22.000000000','RR/MM/DD HH24:MI:SSXFF'),2,to_timestamp('18/11/28 03:14:22.000000000','RR/MM/DD HH24:MI:SSXFF'),1,to_timestamp('18/11/28 04:14:22.000000000','RR/MM/DD HH24:MI:SSXFF'));
Insert into SHOP.ORDER_LOG (PRO_IDX,MEM_IDX,ORDER_DATE,QUANTITY,INIT_DATE,STATUS,FINAL_DATE) values (57,5,to_timestamp('18/09/17 02:24:27.000000000','RR/MM/DD HH24:MI:SSXFF'),2,to_timestamp('18/09/17 02:24:27.000000000','RR/MM/DD HH24:MI:SSXFF'),1,to_timestamp('18/09/17 03:24:27.000000000','RR/MM/DD HH24:MI:SSXFF'));
Insert into SHOP.ORDER_LOG (PRO_IDX,MEM_IDX,ORDER_DATE,QUANTITY,INIT_DATE,STATUS,FINAL_DATE) values (12,3,to_timestamp('22/01/26 05:45:31.000000000','RR/MM/DD HH24:MI:SSXFF'),2,to_timestamp('22/01/26 05:45:31.000000000','RR/MM/DD HH24:MI:SSXFF'),1,to_timestamp('22/01/26 06:45:31.000000000','RR/MM/DD HH24:MI:SSXFF'));
Insert into SHOP.ORDER_LOG (PRO_IDX,MEM_IDX,ORDER_DATE,QUANTITY,INIT_DATE,STATUS,FINAL_DATE) values (12,2,to_timestamp('22/11/06 04:41:35.000000000','RR/MM/DD HH24:MI:SSXFF'),2,to_timestamp('22/11/06 04:41:35.000000000','RR/MM/DD HH24:MI:SSXFF'),1,to_timestamp('22/11/06 05:41:35.000000000','RR/MM/DD HH24:MI:SSXFF'));
Insert into SHOP.ORDER_LOG (PRO_IDX,MEM_IDX,ORDER_DATE,QUANTITY,INIT_DATE,STATUS,FINAL_DATE) values (50,4,to_timestamp('20/08/08 06:34:06.000000000','RR/MM/DD HH24:MI:SSXFF'),3,to_timestamp('20/08/08 06:34:06.000000000','RR/MM/DD HH24:MI:SSXFF'),1,to_timestamp('20/08/08 07:34:06.000000000','RR/MM/DD HH24:MI:SSXFF'));
Insert into SHOP.ORDER_LOG (PRO_IDX,MEM_IDX,ORDER_DATE,QUANTITY,INIT_DATE,STATUS,FINAL_DATE) values (17,3,to_timestamp('20/04/19 10:36:26.000000000','RR/MM/DD HH24:MI:SSXFF'),3,to_timestamp('20/04/19 10:36:26.000000000','RR/MM/DD HH24:MI:SSXFF'),1,to_timestamp('20/04/19 11:36:26.000000000','RR/MM/DD HH24:MI:SSXFF'));
Insert into SHOP.ORDER_LOG (PRO_IDX,MEM_IDX,ORDER_DATE,QUANTITY,INIT_DATE,STATUS,FINAL_DATE) values (79,4,to_timestamp('18/04/01 04:41:56.000000000','RR/MM/DD HH24:MI:SSXFF'),2,to_timestamp('18/04/01 04:41:56.000000000','RR/MM/DD HH24:MI:SSXFF'),1,to_timestamp('18/04/01 05:41:56.000000000','RR/MM/DD HH24:MI:SSXFF'));
Insert into SHOP.ORDER_LOG (PRO_IDX,MEM_IDX,ORDER_DATE,QUANTITY,INIT_DATE,STATUS,FINAL_DATE) values (71,3,to_timestamp('18/06/10 09:33:25.000000000','RR/MM/DD HH24:MI:SSXFF'),2,to_timestamp('18/06/10 09:33:25.000000000','RR/MM/DD HH24:MI:SSXFF'),1,to_timestamp('18/06/10 10:33:25.000000000','RR/MM/DD HH24:MI:SSXFF'));
Insert into SHOP.ORDER_LOG (PRO_IDX,MEM_IDX,ORDER_DATE,QUANTITY,INIT_DATE,STATUS,FINAL_DATE) values (58,5,to_timestamp('22/08/10 04:13:19.000000000','RR/MM/DD HH24:MI:SSXFF'),2,to_timestamp('22/08/10 04:13:19.000000000','RR/MM/DD HH24:MI:SSXFF'),1,to_timestamp('22/08/10 05:13:19.000000000','RR/MM/DD HH24:MI:SSXFF'));
Insert into SHOP.ORDER_LOG (PRO_IDX,MEM_IDX,ORDER_DATE,QUANTITY,INIT_DATE,STATUS,FINAL_DATE) values (8,2,to_timestamp('20/03/24 10:43:03.000000000','RR/MM/DD HH24:MI:SSXFF'),1,to_timestamp('20/03/24 10:43:03.000000000','RR/MM/DD HH24:MI:SSXFF'),1,to_timestamp('20/03/24 11:43:03.000000000','RR/MM/DD HH24:MI:SSXFF'));
Insert into SHOP.ORDER_LOG (PRO_IDX,MEM_IDX,ORDER_DATE,QUANTITY,INIT_DATE,STATUS,FINAL_DATE) values (38,5,to_timestamp('18/06/16 11:08:49.000000000','RR/MM/DD HH24:MI:SSXFF'),2,to_timestamp('18/06/16 11:08:49.000000000','RR/MM/DD HH24:MI:SSXFF'),1,to_timestamp('18/06/16 12:08:49.000000000','RR/MM/DD HH24:MI:SSXFF'));
Insert into SHOP.ORDER_LOG (PRO_IDX,MEM_IDX,ORDER_DATE,QUANTITY,INIT_DATE,STATUS,FINAL_DATE) values (36,5,to_timestamp('22/03/01 09:52:48.000000000','RR/MM/DD HH24:MI:SSXFF'),3,to_timestamp('22/03/01 09:52:48.000000000','RR/MM/DD HH24:MI:SSXFF'),1,to_timestamp('22/03/01 10:52:48.000000000','RR/MM/DD HH24:MI:SSXFF'));
Insert into SHOP.ORDER_LOG (PRO_IDX,MEM_IDX,ORDER_DATE,QUANTITY,INIT_DATE,STATUS,FINAL_DATE) values (72,4,to_timestamp('19/11/19 03:41:32.000000000','RR/MM/DD HH24:MI:SSXFF'),3,to_timestamp('19/11/19 03:41:32.000000000','RR/MM/DD HH24:MI:SSXFF'),1,to_timestamp('19/11/19 04:41:32.000000000','RR/MM/DD HH24:MI:SSXFF'));
Insert into SHOP.ORDER_LOG (PRO_IDX,MEM_IDX,ORDER_DATE,QUANTITY,INIT_DATE,STATUS,FINAL_DATE) values (69,4,to_timestamp('18/07/12 01:24:47.000000000','RR/MM/DD HH24:MI:SSXFF'),3,to_timestamp('18/07/12 01:24:47.000000000','RR/MM/DD HH24:MI:SSXFF'),1,to_timestamp('18/07/12 02:24:47.000000000','RR/MM/DD HH24:MI:SSXFF'));
Insert into SHOP.ORDER_LOG (PRO_IDX,MEM_IDX,ORDER_DATE,QUANTITY,INIT_DATE,STATUS,FINAL_DATE) values (58,5,to_timestamp('22/10/24 07:44:42.000000000','RR/MM/DD HH24:MI:SSXFF'),3,to_timestamp('22/10/24 07:44:42.000000000','RR/MM/DD HH24:MI:SSXFF'),1,to_timestamp('22/10/24 08:44:42.000000000','RR/MM/DD HH24:MI:SSXFF'));
Insert into SHOP.ORDER_LOG (PRO_IDX,MEM_IDX,ORDER_DATE,QUANTITY,INIT_DATE,STATUS,FINAL_DATE) values (46,2,to_timestamp('18/06/16 04:29:38.000000000','RR/MM/DD HH24:MI:SSXFF'),2,to_timestamp('18/06/16 04:29:38.000000000','RR/MM/DD HH24:MI:SSXFF'),1,to_timestamp('18/06/16 05:29:38.000000000','RR/MM/DD HH24:MI:SSXFF'));
Insert into SHOP.ORDER_LOG (PRO_IDX,MEM_IDX,ORDER_DATE,QUANTITY,INIT_DATE,STATUS,FINAL_DATE) values (35,3,to_timestamp('20/09/15 07:02:06.000000000','RR/MM/DD HH24:MI:SSXFF'),2,to_timestamp('20/09/15 07:02:06.000000000','RR/MM/DD HH24:MI:SSXFF'),1,to_timestamp('20/09/15 08:02:06.000000000','RR/MM/DD HH24:MI:SSXFF'));
Insert into SHOP.ORDER_LOG (PRO_IDX,MEM_IDX,ORDER_DATE,QUANTITY,INIT_DATE,STATUS,FINAL_DATE) values (27,5,to_timestamp('19/08/13 09:42:28.000000000','RR/MM/DD HH24:MI:SSXFF'),2,to_timestamp('19/08/13 09:42:28.000000000','RR/MM/DD HH24:MI:SSXFF'),1,to_timestamp('19/08/13 10:42:28.000000000','RR/MM/DD HH24:MI:SSXFF'));
Insert into SHOP.ORDER_LOG (PRO_IDX,MEM_IDX,ORDER_DATE,QUANTITY,INIT_DATE,STATUS,FINAL_DATE) values (27,4,to_timestamp('18/02/03 10:58:29.000000000','RR/MM/DD HH24:MI:SSXFF'),2,to_timestamp('18/02/03 10:58:29.000000000','RR/MM/DD HH24:MI:SSXFF'),1,to_timestamp('18/02/03 11:58:29.000000000','RR/MM/DD HH24:MI:SSXFF'));
Insert into SHOP.ORDER_LOG (PRO_IDX,MEM_IDX,ORDER_DATE,QUANTITY,INIT_DATE,STATUS,FINAL_DATE) values (18,5,to_timestamp('22/10/15 06:32:06.000000000','RR/MM/DD HH24:MI:SSXFF'),3,to_timestamp('22/10/15 06:32:06.000000000','RR/MM/DD HH24:MI:SSXFF'),1,to_timestamp('22/10/15 07:32:06.000000000','RR/MM/DD HH24:MI:SSXFF'));
Insert into SHOP.ORDER_LOG (PRO_IDX,MEM_IDX,ORDER_DATE,QUANTITY,INIT_DATE,STATUS,FINAL_DATE) values (60,2,to_timestamp('18/06/14 10:23:31.000000000','RR/MM/DD HH24:MI:SSXFF'),1,to_timestamp('18/06/14 10:23:31.000000000','RR/MM/DD HH24:MI:SSXFF'),1,to_timestamp('18/06/14 11:23:31.000000000','RR/MM/DD HH24:MI:SSXFF'));
Insert into SHOP.ORDER_LOG (PRO_IDX,MEM_IDX,ORDER_DATE,QUANTITY,INIT_DATE,STATUS,FINAL_DATE) values (10,4,to_timestamp('22/06/05 05:40:05.000000000','RR/MM/DD HH24:MI:SSXFF'),1,to_timestamp('22/06/05 05:40:05.000000000','RR/MM/DD HH24:MI:SSXFF'),1,to_timestamp('22/06/05 06:40:05.000000000','RR/MM/DD HH24:MI:SSXFF'));
Insert into SHOP.ORDER_LOG (PRO_IDX,MEM_IDX,ORDER_DATE,QUANTITY,INIT_DATE,STATUS,FINAL_DATE) values (70,5,to_timestamp('18/10/02 07:39:10.000000000','RR/MM/DD HH24:MI:SSXFF'),3,to_timestamp('18/10/02 07:39:10.000000000','RR/MM/DD HH24:MI:SSXFF'),1,to_timestamp('18/10/02 08:39:10.000000000','RR/MM/DD HH24:MI:SSXFF'));
Insert into SHOP.ORDER_LOG (PRO_IDX,MEM_IDX,ORDER_DATE,QUANTITY,INIT_DATE,STATUS,FINAL_DATE) values (12,3,to_timestamp('22/03/12 06:02:48.000000000','RR/MM/DD HH24:MI:SSXFF'),3,to_timestamp('22/03/12 06:02:48.000000000','RR/MM/DD HH24:MI:SSXFF'),1,to_timestamp('22/03/12 07:02:48.000000000','RR/MM/DD HH24:MI:SSXFF'));
Insert into SHOP.ORDER_LOG (PRO_IDX,MEM_IDX,ORDER_DATE,QUANTITY,INIT_DATE,STATUS,FINAL_DATE) values (65,2,to_timestamp('20/01/28 04:02:21.000000000','RR/MM/DD HH24:MI:SSXFF'),3,to_timestamp('20/01/28 04:02:21.000000000','RR/MM/DD HH24:MI:SSXFF'),1,to_timestamp('20/01/28 05:02:21.000000000','RR/MM/DD HH24:MI:SSXFF'));
Insert into SHOP.ORDER_LOG (PRO_IDX,MEM_IDX,ORDER_DATE,QUANTITY,INIT_DATE,STATUS,FINAL_DATE) values (19,5,to_timestamp('22/01/10 02:36:07.000000000','RR/MM/DD HH24:MI:SSXFF'),2,to_timestamp('22/01/10 02:36:07.000000000','RR/MM/DD HH24:MI:SSXFF'),1,to_timestamp('22/01/10 03:36:07.000000000','RR/MM/DD HH24:MI:SSXFF'));
Insert into SHOP.ORDER_LOG (PRO_IDX,MEM_IDX,ORDER_DATE,QUANTITY,INIT_DATE,STATUS,FINAL_DATE) values (78,5,to_timestamp('19/10/26 06:34:12.000000000','RR/MM/DD HH24:MI:SSXFF'),2,to_timestamp('19/10/26 06:34:12.000000000','RR/MM/DD HH24:MI:SSXFF'),1,to_timestamp('19/10/26 07:34:12.000000000','RR/MM/DD HH24:MI:SSXFF'));
Insert into SHOP.ORDER_LOG (PRO_IDX,MEM_IDX,ORDER_DATE,QUANTITY,INIT_DATE,STATUS,FINAL_DATE) values (46,2,to_timestamp('21/01/01 05:59:05.000000000','RR/MM/DD HH24:MI:SSXFF'),2,to_timestamp('21/01/01 05:59:05.000000000','RR/MM/DD HH24:MI:SSXFF'),1,to_timestamp('21/01/01 06:59:05.000000000','RR/MM/DD HH24:MI:SSXFF'));
Insert into SHOP.ORDER_LOG (PRO_IDX,MEM_IDX,ORDER_DATE,QUANTITY,INIT_DATE,STATUS,FINAL_DATE) values (41,5,to_timestamp('22/04/23 11:20:31.000000000','RR/MM/DD HH24:MI:SSXFF'),1,to_timestamp('22/04/23 11:20:31.000000000','RR/MM/DD HH24:MI:SSXFF'),1,to_timestamp('22/04/23 12:20:31.000000000','RR/MM/DD HH24:MI:SSXFF'));
Insert into SHOP.ORDER_LOG (PRO_IDX,MEM_IDX,ORDER_DATE,QUANTITY,INIT_DATE,STATUS,FINAL_DATE) values (55,5,to_timestamp('22/01/09 08:55:48.000000000','RR/MM/DD HH24:MI:SSXFF'),2,to_timestamp('22/01/09 08:55:48.000000000','RR/MM/DD HH24:MI:SSXFF'),1,to_timestamp('22/01/09 09:55:48.000000000','RR/MM/DD HH24:MI:SSXFF'));
Insert into SHOP.ORDER_LOG (PRO_IDX,MEM_IDX,ORDER_DATE,QUANTITY,INIT_DATE,STATUS,FINAL_DATE) values (34,3,to_timestamp('19/06/08 10:29:09.000000000','RR/MM/DD HH24:MI:SSXFF'),1,to_timestamp('19/06/08 10:29:09.000000000','RR/MM/DD HH24:MI:SSXFF'),1,to_timestamp('19/06/08 11:29:09.000000000','RR/MM/DD HH24:MI:SSXFF'));
Insert into SHOP.ORDER_LOG (PRO_IDX,MEM_IDX,ORDER_DATE,QUANTITY,INIT_DATE,STATUS,FINAL_DATE) values (74,2,to_timestamp('21/07/23 11:20:55.000000000','RR/MM/DD HH24:MI:SSXFF'),2,to_timestamp('21/07/23 11:20:55.000000000','RR/MM/DD HH24:MI:SSXFF'),1,to_timestamp('21/07/23 12:20:55.000000000','RR/MM/DD HH24:MI:SSXFF'));
Insert into SHOP.ORDER_LOG (PRO_IDX,MEM_IDX,ORDER_DATE,QUANTITY,INIT_DATE,STATUS,FINAL_DATE) values (49,4,to_timestamp('18/10/26 01:20:52.000000000','RR/MM/DD HH24:MI:SSXFF'),1,to_timestamp('18/10/26 01:20:52.000000000','RR/MM/DD HH24:MI:SSXFF'),1,to_timestamp('18/10/26 02:20:52.000000000','RR/MM/DD HH24:MI:SSXFF'));
Insert into SHOP.ORDER_LOG (PRO_IDX,MEM_IDX,ORDER_DATE,QUANTITY,INIT_DATE,STATUS,FINAL_DATE) values (19,4,to_timestamp('20/11/19 03:00:51.000000000','RR/MM/DD HH24:MI:SSXFF'),1,to_timestamp('20/11/19 03:00:51.000000000','RR/MM/DD HH24:MI:SSXFF'),1,to_timestamp('20/11/19 04:00:51.000000000','RR/MM/DD HH24:MI:SSXFF'));
Insert into SHOP.ORDER_LOG (PRO_IDX,MEM_IDX,ORDER_DATE,QUANTITY,INIT_DATE,STATUS,FINAL_DATE) values (60,5,to_timestamp('21/08/22 03:46:00.000000000','RR/MM/DD HH24:MI:SSXFF'),3,to_timestamp('21/08/22 03:46:00.000000000','RR/MM/DD HH24:MI:SSXFF'),1,to_timestamp('21/08/22 04:46:00.000000000','RR/MM/DD HH24:MI:SSXFF'));
Insert into SHOP.ORDER_LOG (PRO_IDX,MEM_IDX,ORDER_DATE,QUANTITY,INIT_DATE,STATUS,FINAL_DATE) values (36,5,to_timestamp('20/02/23 01:01:04.000000000','RR/MM/DD HH24:MI:SSXFF'),2,to_timestamp('20/02/23 01:01:04.000000000','RR/MM/DD HH24:MI:SSXFF'),1,to_timestamp('20/02/23 02:01:04.000000000','RR/MM/DD HH24:MI:SSXFF'));
Insert into SHOP.ORDER_LOG (PRO_IDX,MEM_IDX,ORDER_DATE,QUANTITY,INIT_DATE,STATUS,FINAL_DATE) values (50,4,to_timestamp('22/01/16 09:54:25.000000000','RR/MM/DD HH24:MI:SSXFF'),3,to_timestamp('22/01/16 09:54:25.000000000','RR/MM/DD HH24:MI:SSXFF'),1,to_timestamp('22/01/16 10:54:25.000000000','RR/MM/DD HH24:MI:SSXFF'));
Insert into SHOP.ORDER_LOG (PRO_IDX,MEM_IDX,ORDER_DATE,QUANTITY,INIT_DATE,STATUS,FINAL_DATE) values (73,3,to_timestamp('22/03/11 11:00:55.000000000','RR/MM/DD HH24:MI:SSXFF'),3,to_timestamp('22/03/11 11:00:55.000000000','RR/MM/DD HH24:MI:SSXFF'),1,to_timestamp('22/03/11 12:00:55.000000000','RR/MM/DD HH24:MI:SSXFF'));
Insert into SHOP.ORDER_LOG (PRO_IDX,MEM_IDX,ORDER_DATE,QUANTITY,INIT_DATE,STATUS,FINAL_DATE) values (43,4,to_timestamp('18/10/10 10:11:01.000000000','RR/MM/DD HH24:MI:SSXFF'),1,to_timestamp('18/10/10 10:11:01.000000000','RR/MM/DD HH24:MI:SSXFF'),1,to_timestamp('18/10/10 11:11:01.000000000','RR/MM/DD HH24:MI:SSXFF'));
Insert into SHOP.ORDER_LOG (PRO_IDX,MEM_IDX,ORDER_DATE,QUANTITY,INIT_DATE,STATUS,FINAL_DATE) values (43,5,to_timestamp('19/02/07 08:35:05.000000000','RR/MM/DD HH24:MI:SSXFF'),3,to_timestamp('19/02/07 08:35:05.000000000','RR/MM/DD HH24:MI:SSXFF'),1,to_timestamp('19/02/07 09:35:05.000000000','RR/MM/DD HH24:MI:SSXFF'));
Insert into SHOP.ORDER_LOG (PRO_IDX,MEM_IDX,ORDER_DATE,QUANTITY,INIT_DATE,STATUS,FINAL_DATE) values (10,3,to_timestamp('19/02/14 03:06:44.000000000','RR/MM/DD HH24:MI:SSXFF'),3,to_timestamp('19/02/14 03:06:44.000000000','RR/MM/DD HH24:MI:SSXFF'),1,to_timestamp('19/02/14 04:06:44.000000000','RR/MM/DD HH24:MI:SSXFF'));
Insert into SHOP.ORDER_LOG (PRO_IDX,MEM_IDX,ORDER_DATE,QUANTITY,INIT_DATE,STATUS,FINAL_DATE) values (32,2,to_timestamp('22/05/04 05:07:02.000000000','RR/MM/DD HH24:MI:SSXFF'),1,to_timestamp('22/05/04 05:07:02.000000000','RR/MM/DD HH24:MI:SSXFF'),1,to_timestamp('22/05/04 06:07:02.000000000','RR/MM/DD HH24:MI:SSXFF'));
Insert into SHOP.ORDER_LOG (PRO_IDX,MEM_IDX,ORDER_DATE,QUANTITY,INIT_DATE,STATUS,FINAL_DATE) values (68,3,to_timestamp('18/12/10 01:06:57.000000000','RR/MM/DD HH24:MI:SSXFF'),2,to_timestamp('18/12/10 01:06:57.000000000','RR/MM/DD HH24:MI:SSXFF'),1,to_timestamp('18/12/10 02:06:57.000000000','RR/MM/DD HH24:MI:SSXFF'));
Insert into SHOP.ORDER_LOG (PRO_IDX,MEM_IDX,ORDER_DATE,QUANTITY,INIT_DATE,STATUS,FINAL_DATE) values (24,2,to_timestamp('18/06/09 11:43:44.000000000','RR/MM/DD HH24:MI:SSXFF'),2,to_timestamp('18/06/09 11:43:44.000000000','RR/MM/DD HH24:MI:SSXFF'),1,to_timestamp('18/06/09 12:43:44.000000000','RR/MM/DD HH24:MI:SSXFF'));
Insert into SHOP.ORDER_LOG (PRO_IDX,MEM_IDX,ORDER_DATE,QUANTITY,INIT_DATE,STATUS,FINAL_DATE) values (29,2,to_timestamp('18/03/09 05:15:40.000000000','RR/MM/DD HH24:MI:SSXFF'),2,to_timestamp('18/03/09 05:15:40.000000000','RR/MM/DD HH24:MI:SSXFF'),1,to_timestamp('18/03/09 06:15:40.000000000','RR/MM/DD HH24:MI:SSXFF'));
Insert into SHOP.ORDER_LOG (PRO_IDX,MEM_IDX,ORDER_DATE,QUANTITY,INIT_DATE,STATUS,FINAL_DATE) values (77,5,to_timestamp('20/01/10 05:50:34.000000000','RR/MM/DD HH24:MI:SSXFF'),3,to_timestamp('20/01/10 05:50:34.000000000','RR/MM/DD HH24:MI:SSXFF'),1,to_timestamp('20/01/10 06:50:34.000000000','RR/MM/DD HH24:MI:SSXFF'));
Insert into SHOP.ORDER_LOG (PRO_IDX,MEM_IDX,ORDER_DATE,QUANTITY,INIT_DATE,STATUS,FINAL_DATE) values (40,4,to_timestamp('21/10/20 01:43:15.000000000','RR/MM/DD HH24:MI:SSXFF'),2,to_timestamp('21/10/20 01:43:15.000000000','RR/MM/DD HH24:MI:SSXFF'),1,to_timestamp('21/10/20 02:43:15.000000000','RR/MM/DD HH24:MI:SSXFF'));
Insert into SHOP.ORDER_LOG (PRO_IDX,MEM_IDX,ORDER_DATE,QUANTITY,INIT_DATE,STATUS,FINAL_DATE) values (52,4,to_timestamp('19/11/02 11:38:03.000000000','RR/MM/DD HH24:MI:SSXFF'),3,to_timestamp('19/11/02 11:38:03.000000000','RR/MM/DD HH24:MI:SSXFF'),1,to_timestamp('19/11/02 12:38:03.000000000','RR/MM/DD HH24:MI:SSXFF'));
Insert into SHOP.ORDER_LOG (PRO_IDX,MEM_IDX,ORDER_DATE,QUANTITY,INIT_DATE,STATUS,FINAL_DATE) values (17,2,to_timestamp('18/07/19 04:18:35.000000000','RR/MM/DD HH24:MI:SSXFF'),1,to_timestamp('18/07/19 04:18:35.000000000','RR/MM/DD HH24:MI:SSXFF'),1,to_timestamp('18/07/19 05:18:35.000000000','RR/MM/DD HH24:MI:SSXFF'));
Insert into SHOP.ORDER_LOG (PRO_IDX,MEM_IDX,ORDER_DATE,QUANTITY,INIT_DATE,STATUS,FINAL_DATE) values (68,3,to_timestamp('19/04/23 02:03:16.000000000','RR/MM/DD HH24:MI:SSXFF'),2,to_timestamp('19/04/23 02:03:16.000000000','RR/MM/DD HH24:MI:SSXFF'),1,to_timestamp('19/04/23 03:03:16.000000000','RR/MM/DD HH24:MI:SSXFF'));
Insert into SHOP.ORDER_LOG (PRO_IDX,MEM_IDX,ORDER_DATE,QUANTITY,INIT_DATE,STATUS,FINAL_DATE) values (10,4,to_timestamp('19/05/01 05:08:37.000000000','RR/MM/DD HH24:MI:SSXFF'),2,to_timestamp('19/05/01 05:08:37.000000000','RR/MM/DD HH24:MI:SSXFF'),1,to_timestamp('19/05/01 06:08:37.000000000','RR/MM/DD HH24:MI:SSXFF'));
Insert into SHOP.ORDER_LOG (PRO_IDX,MEM_IDX,ORDER_DATE,QUANTITY,INIT_DATE,STATUS,FINAL_DATE) values (49,2,to_timestamp('18/09/07 05:19:08.000000000','RR/MM/DD HH24:MI:SSXFF'),1,to_timestamp('18/09/07 05:19:08.000000000','RR/MM/DD HH24:MI:SSXFF'),1,to_timestamp('18/09/07 06:19:08.000000000','RR/MM/DD HH24:MI:SSXFF'));
Insert into SHOP.ORDER_LOG (PRO_IDX,MEM_IDX,ORDER_DATE,QUANTITY,INIT_DATE,STATUS,FINAL_DATE) values (62,5,to_timestamp('19/11/23 10:54:11.000000000','RR/MM/DD HH24:MI:SSXFF'),1,to_timestamp('19/11/23 10:54:11.000000000','RR/MM/DD HH24:MI:SSXFF'),1,to_timestamp('19/11/23 11:54:11.000000000','RR/MM/DD HH24:MI:SSXFF'));
Insert into SHOP.ORDER_LOG (PRO_IDX,MEM_IDX,ORDER_DATE,QUANTITY,INIT_DATE,STATUS,FINAL_DATE) values (36,2,to_timestamp('21/08/13 11:46:48.000000000','RR/MM/DD HH24:MI:SSXFF'),1,to_timestamp('21/08/13 11:46:48.000000000','RR/MM/DD HH24:MI:SSXFF'),1,to_timestamp('21/08/13 12:46:48.000000000','RR/MM/DD HH24:MI:SSXFF'));
Insert into SHOP.ORDER_LOG (PRO_IDX,MEM_IDX,ORDER_DATE,QUANTITY,INIT_DATE,STATUS,FINAL_DATE) values (37,4,to_timestamp('18/10/14 01:00:00.000000000','RR/MM/DD HH24:MI:SSXFF'),3,to_timestamp('18/10/14 01:00:00.000000000','RR/MM/DD HH24:MI:SSXFF'),1,to_timestamp('18/10/14 02:00:00.000000000','RR/MM/DD HH24:MI:SSXFF'));
Insert into SHOP.ORDER_LOG (PRO_IDX,MEM_IDX,ORDER_DATE,QUANTITY,INIT_DATE,STATUS,FINAL_DATE) values (5,3,to_timestamp('20/01/04 08:36:08.000000000','RR/MM/DD HH24:MI:SSXFF'),1,to_timestamp('20/01/04 08:36:08.000000000','RR/MM/DD HH24:MI:SSXFF'),1,to_timestamp('20/01/04 09:36:08.000000000','RR/MM/DD HH24:MI:SSXFF'));
Insert into SHOP.ORDER_LOG (PRO_IDX,MEM_IDX,ORDER_DATE,QUANTITY,INIT_DATE,STATUS,FINAL_DATE) values (60,3,to_timestamp('22/04/26 02:25:52.000000000','RR/MM/DD HH24:MI:SSXFF'),2,to_timestamp('22/04/26 02:25:52.000000000','RR/MM/DD HH24:MI:SSXFF'),1,to_timestamp('22/04/26 03:25:52.000000000','RR/MM/DD HH24:MI:SSXFF'));
Insert into SHOP.ORDER_LOG (PRO_IDX,MEM_IDX,ORDER_DATE,QUANTITY,INIT_DATE,STATUS,FINAL_DATE) values (72,4,to_timestamp('19/07/23 09:08:34.000000000','RR/MM/DD HH24:MI:SSXFF'),2,to_timestamp('19/07/23 09:08:34.000000000','RR/MM/DD HH24:MI:SSXFF'),1,to_timestamp('19/07/23 10:08:34.000000000','RR/MM/DD HH24:MI:SSXFF'));
Insert into SHOP.ORDER_LOG (PRO_IDX,MEM_IDX,ORDER_DATE,QUANTITY,INIT_DATE,STATUS,FINAL_DATE) values (16,3,to_timestamp('21/05/08 05:46:47.000000000','RR/MM/DD HH24:MI:SSXFF'),3,to_timestamp('21/05/08 05:46:47.000000000','RR/MM/DD HH24:MI:SSXFF'),1,to_timestamp('21/05/08 06:46:47.000000000','RR/MM/DD HH24:MI:SSXFF'));
Insert into SHOP.ORDER_LOG (PRO_IDX,MEM_IDX,ORDER_DATE,QUANTITY,INIT_DATE,STATUS,FINAL_DATE) values (24,2,to_timestamp('19/06/16 08:05:01.000000000','RR/MM/DD HH24:MI:SSXFF'),3,to_timestamp('19/06/16 08:05:01.000000000','RR/MM/DD HH24:MI:SSXFF'),1,to_timestamp('19/06/16 09:05:01.000000000','RR/MM/DD HH24:MI:SSXFF'));
Insert into SHOP.ORDER_LOG (PRO_IDX,MEM_IDX,ORDER_DATE,QUANTITY,INIT_DATE,STATUS,FINAL_DATE) values (40,3,to_timestamp('19/06/18 05:41:56.000000000','RR/MM/DD HH24:MI:SSXFF'),2,to_timestamp('19/06/18 05:41:56.000000000','RR/MM/DD HH24:MI:SSXFF'),1,to_timestamp('19/06/18 06:41:56.000000000','RR/MM/DD HH24:MI:SSXFF'));
Insert into SHOP.ORDER_LOG (PRO_IDX,MEM_IDX,ORDER_DATE,QUANTITY,INIT_DATE,STATUS,FINAL_DATE) values (7,4,to_timestamp('20/06/10 01:47:09.000000000','RR/MM/DD HH24:MI:SSXFF'),1,to_timestamp('20/06/10 01:47:09.000000000','RR/MM/DD HH24:MI:SSXFF'),1,to_timestamp('20/06/10 02:47:09.000000000','RR/MM/DD HH24:MI:SSXFF'));
Insert into SHOP.ORDER_LOG (PRO_IDX,MEM_IDX,ORDER_DATE,QUANTITY,INIT_DATE,STATUS,FINAL_DATE) values (58,5,to_timestamp('22/06/20 03:18:22.000000000','RR/MM/DD HH24:MI:SSXFF'),2,to_timestamp('22/06/20 03:18:22.000000000','RR/MM/DD HH24:MI:SSXFF'),1,to_timestamp('22/06/20 04:18:22.000000000','RR/MM/DD HH24:MI:SSXFF'));
Insert into SHOP.ORDER_LOG (PRO_IDX,MEM_IDX,ORDER_DATE,QUANTITY,INIT_DATE,STATUS,FINAL_DATE) values (32,4,to_timestamp('19/03/09 07:07:44.000000000','RR/MM/DD HH24:MI:SSXFF'),3,to_timestamp('19/03/09 07:07:44.000000000','RR/MM/DD HH24:MI:SSXFF'),1,to_timestamp('19/03/09 08:07:44.000000000','RR/MM/DD HH24:MI:SSXFF'));
Insert into SHOP.ORDER_LOG (PRO_IDX,MEM_IDX,ORDER_DATE,QUANTITY,INIT_DATE,STATUS,FINAL_DATE) values (63,5,to_timestamp('20/04/14 07:38:07.000000000','RR/MM/DD HH24:MI:SSXFF'),3,to_timestamp('20/04/14 07:38:07.000000000','RR/MM/DD HH24:MI:SSXFF'),1,to_timestamp('20/04/14 08:38:07.000000000','RR/MM/DD HH24:MI:SSXFF'));
Insert into SHOP.ORDER_LOG (PRO_IDX,MEM_IDX,ORDER_DATE,QUANTITY,INIT_DATE,STATUS,FINAL_DATE) values (70,2,to_timestamp('22/01/11 03:19:49.000000000','RR/MM/DD HH24:MI:SSXFF'),2,to_timestamp('22/01/11 03:19:49.000000000','RR/MM/DD HH24:MI:SSXFF'),1,to_timestamp('22/01/11 04:19:49.000000000','RR/MM/DD HH24:MI:SSXFF'));
Insert into SHOP.ORDER_LOG (PRO_IDX,MEM_IDX,ORDER_DATE,QUANTITY,INIT_DATE,STATUS,FINAL_DATE) values (40,2,to_timestamp('19/10/06 08:49:05.000000000','RR/MM/DD HH24:MI:SSXFF'),1,to_timestamp('19/10/06 08:49:05.000000000','RR/MM/DD HH24:MI:SSXFF'),1,to_timestamp('19/10/06 09:49:05.000000000','RR/MM/DD HH24:MI:SSXFF'));
Insert into SHOP.ORDER_LOG (PRO_IDX,MEM_IDX,ORDER_DATE,QUANTITY,INIT_DATE,STATUS,FINAL_DATE) values (58,3,to_timestamp('20/05/22 08:45:18.000000000','RR/MM/DD HH24:MI:SSXFF'),3,to_timestamp('20/05/22 08:45:18.000000000','RR/MM/DD HH24:MI:SSXFF'),1,to_timestamp('20/05/22 09:45:18.000000000','RR/MM/DD HH24:MI:SSXFF'));
Insert into SHOP.ORDER_LOG (PRO_IDX,MEM_IDX,ORDER_DATE,QUANTITY,INIT_DATE,STATUS,FINAL_DATE) values (47,3,to_timestamp('21/08/13 07:32:27.000000000','RR/MM/DD HH24:MI:SSXFF'),2,to_timestamp('21/08/13 07:32:27.000000000','RR/MM/DD HH24:MI:SSXFF'),1,to_timestamp('21/08/13 08:32:27.000000000','RR/MM/DD HH24:MI:SSXFF'));
Insert into SHOP.ORDER_LOG (PRO_IDX,MEM_IDX,ORDER_DATE,QUANTITY,INIT_DATE,STATUS,FINAL_DATE) values (49,2,to_timestamp('18/07/14 07:58:06.000000000','RR/MM/DD HH24:MI:SSXFF'),1,to_timestamp('18/07/14 07:58:06.000000000','RR/MM/DD HH24:MI:SSXFF'),1,to_timestamp('18/07/14 08:58:06.000000000','RR/MM/DD HH24:MI:SSXFF'));
Insert into SHOP.ORDER_LOG (PRO_IDX,MEM_IDX,ORDER_DATE,QUANTITY,INIT_DATE,STATUS,FINAL_DATE) values (26,4,to_timestamp('21/04/12 10:34:41.000000000','RR/MM/DD HH24:MI:SSXFF'),2,to_timestamp('21/04/12 10:34:41.000000000','RR/MM/DD HH24:MI:SSXFF'),1,to_timestamp('21/04/12 11:34:41.000000000','RR/MM/DD HH24:MI:SSXFF'));
Insert into SHOP.ORDER_LOG (PRO_IDX,MEM_IDX,ORDER_DATE,QUANTITY,INIT_DATE,STATUS,FINAL_DATE) values (75,4,to_timestamp('18/04/14 02:29:21.000000000','RR/MM/DD HH24:MI:SSXFF'),1,to_timestamp('18/04/14 02:29:21.000000000','RR/MM/DD HH24:MI:SSXFF'),1,to_timestamp('18/04/14 03:29:21.000000000','RR/MM/DD HH24:MI:SSXFF'));
Insert into SHOP.ORDER_LOG (PRO_IDX,MEM_IDX,ORDER_DATE,QUANTITY,INIT_DATE,STATUS,FINAL_DATE) values (82,3,to_timestamp('19/07/19 10:34:30.000000000','RR/MM/DD HH24:MI:SSXFF'),3,to_timestamp('19/07/19 10:34:30.000000000','RR/MM/DD HH24:MI:SSXFF'),1,to_timestamp('19/07/19 11:34:30.000000000','RR/MM/DD HH24:MI:SSXFF'));
Insert into SHOP.ORDER_LOG (PRO_IDX,MEM_IDX,ORDER_DATE,QUANTITY,INIT_DATE,STATUS,FINAL_DATE) values (38,2,to_timestamp('18/10/28 11:37:53.000000000','RR/MM/DD HH24:MI:SSXFF'),1,to_timestamp('18/10/28 11:37:53.000000000','RR/MM/DD HH24:MI:SSXFF'),1,to_timestamp('18/10/28 12:37:53.000000000','RR/MM/DD HH24:MI:SSXFF'));
Insert into SHOP.ORDER_LOG (PRO_IDX,MEM_IDX,ORDER_DATE,QUANTITY,INIT_DATE,STATUS,FINAL_DATE) values (23,2,to_timestamp('20/12/14 02:22:24.000000000','RR/MM/DD HH24:MI:SSXFF'),2,to_timestamp('20/12/14 02:22:24.000000000','RR/MM/DD HH24:MI:SSXFF'),1,to_timestamp('20/12/14 03:22:24.000000000','RR/MM/DD HH24:MI:SSXFF'));
Insert into SHOP.ORDER_LOG (PRO_IDX,MEM_IDX,ORDER_DATE,QUANTITY,INIT_DATE,STATUS,FINAL_DATE) values (4,3,to_timestamp('22/06/04 06:46:12.000000000','RR/MM/DD HH24:MI:SSXFF'),1,to_timestamp('22/06/04 06:46:12.000000000','RR/MM/DD HH24:MI:SSXFF'),1,to_timestamp('22/06/04 07:46:12.000000000','RR/MM/DD HH24:MI:SSXFF'));
Insert into SHOP.ORDER_LOG (PRO_IDX,MEM_IDX,ORDER_DATE,QUANTITY,INIT_DATE,STATUS,FINAL_DATE) values (43,2,to_timestamp('20/06/13 07:18:36.000000000','RR/MM/DD HH24:MI:SSXFF'),3,to_timestamp('20/06/13 07:18:36.000000000','RR/MM/DD HH24:MI:SSXFF'),1,to_timestamp('20/06/13 08:18:36.000000000','RR/MM/DD HH24:MI:SSXFF'));
Insert into SHOP.ORDER_LOG (PRO_IDX,MEM_IDX,ORDER_DATE,QUANTITY,INIT_DATE,STATUS,FINAL_DATE) values (39,4,to_timestamp('21/04/22 07:50:49.000000000','RR/MM/DD HH24:MI:SSXFF'),1,to_timestamp('21/04/22 07:50:49.000000000','RR/MM/DD HH24:MI:SSXFF'),1,to_timestamp('21/04/22 08:50:49.000000000','RR/MM/DD HH24:MI:SSXFF'));
Insert into SHOP.ORDER_LOG (PRO_IDX,MEM_IDX,ORDER_DATE,QUANTITY,INIT_DATE,STATUS,FINAL_DATE) values (68,2,to_timestamp('19/07/24 02:22:17.000000000','RR/MM/DD HH24:MI:SSXFF'),1,to_timestamp('19/07/24 02:22:17.000000000','RR/MM/DD HH24:MI:SSXFF'),1,to_timestamp('19/07/24 03:22:17.000000000','RR/MM/DD HH24:MI:SSXFF'));
Insert into SHOP.ORDER_LOG (PRO_IDX,MEM_IDX,ORDER_DATE,QUANTITY,INIT_DATE,STATUS,FINAL_DATE) values (79,5,to_timestamp('20/02/24 06:28:38.000000000','RR/MM/DD HH24:MI:SSXFF'),2,to_timestamp('20/02/24 06:28:38.000000000','RR/MM/DD HH24:MI:SSXFF'),1,to_timestamp('20/02/24 07:28:38.000000000','RR/MM/DD HH24:MI:SSXFF'));
Insert into SHOP.ORDER_LOG (PRO_IDX,MEM_IDX,ORDER_DATE,QUANTITY,INIT_DATE,STATUS,FINAL_DATE) values (18,5,to_timestamp('21/09/20 09:28:12.000000000','RR/MM/DD HH24:MI:SSXFF'),1,to_timestamp('21/09/20 09:28:12.000000000','RR/MM/DD HH24:MI:SSXFF'),1,to_timestamp('21/09/20 10:28:12.000000000','RR/MM/DD HH24:MI:SSXFF'));
Insert into SHOP.ORDER_LOG (PRO_IDX,MEM_IDX,ORDER_DATE,QUANTITY,INIT_DATE,STATUS,FINAL_DATE) values (75,5,to_timestamp('22/05/24 05:55:32.000000000','RR/MM/DD HH24:MI:SSXFF'),1,to_timestamp('22/05/24 05:55:32.000000000','RR/MM/DD HH24:MI:SSXFF'),1,to_timestamp('22/05/24 06:55:32.000000000','RR/MM/DD HH24:MI:SSXFF'));
Insert into SHOP.ORDER_LOG (PRO_IDX,MEM_IDX,ORDER_DATE,QUANTITY,INIT_DATE,STATUS,FINAL_DATE) values (51,4,to_timestamp('19/01/09 11:23:52.000000000','RR/MM/DD HH24:MI:SSXFF'),3,to_timestamp('19/01/09 11:23:52.000000000','RR/MM/DD HH24:MI:SSXFF'),1,to_timestamp('19/01/09 12:23:52.000000000','RR/MM/DD HH24:MI:SSXFF'));
Insert into SHOP.ORDER_LOG (PRO_IDX,MEM_IDX,ORDER_DATE,QUANTITY,INIT_DATE,STATUS,FINAL_DATE) values (81,3,to_timestamp('19/09/10 06:41:08.000000000','RR/MM/DD HH24:MI:SSXFF'),1,to_timestamp('19/09/10 06:41:08.000000000','RR/MM/DD HH24:MI:SSXFF'),1,to_timestamp('19/09/10 07:41:08.000000000','RR/MM/DD HH24:MI:SSXFF'));
Insert into SHOP.ORDER_LOG (PRO_IDX,MEM_IDX,ORDER_DATE,QUANTITY,INIT_DATE,STATUS,FINAL_DATE) values (61,4,to_timestamp('19/06/07 01:45:16.000000000','RR/MM/DD HH24:MI:SSXFF'),2,to_timestamp('19/06/07 01:45:16.000000000','RR/MM/DD HH24:MI:SSXFF'),1,to_timestamp('19/06/07 02:45:16.000000000','RR/MM/DD HH24:MI:SSXFF'));
Insert into SHOP.ORDER_LOG (PRO_IDX,MEM_IDX,ORDER_DATE,QUANTITY,INIT_DATE,STATUS,FINAL_DATE) values (65,4,to_timestamp('22/11/14 02:35:32.000000000','RR/MM/DD HH24:MI:SSXFF'),1,to_timestamp('22/11/14 02:35:32.000000000','RR/MM/DD HH24:MI:SSXFF'),1,to_timestamp('22/11/14 03:35:32.000000000','RR/MM/DD HH24:MI:SSXFF'));
Insert into SHOP.ORDER_LOG (PRO_IDX,MEM_IDX,ORDER_DATE,QUANTITY,INIT_DATE,STATUS,FINAL_DATE) values (82,3,to_timestamp('20/05/14 07:04:29.000000000','RR/MM/DD HH24:MI:SSXFF'),3,to_timestamp('20/05/14 07:04:29.000000000','RR/MM/DD HH24:MI:SSXFF'),1,to_timestamp('20/05/14 08:04:29.000000000','RR/MM/DD HH24:MI:SSXFF'));
Insert into SHOP.ORDER_LOG (PRO_IDX,MEM_IDX,ORDER_DATE,QUANTITY,INIT_DATE,STATUS,FINAL_DATE) values (27,2,to_timestamp('20/01/10 10:48:53.000000000','RR/MM/DD HH24:MI:SSXFF'),2,to_timestamp('20/01/10 10:48:53.000000000','RR/MM/DD HH24:MI:SSXFF'),1,to_timestamp('20/01/10 11:48:53.000000000','RR/MM/DD HH24:MI:SSXFF'));
Insert into SHOP.ORDER_LOG (PRO_IDX,MEM_IDX,ORDER_DATE,QUANTITY,INIT_DATE,STATUS,FINAL_DATE) values (8,3,to_timestamp('19/02/02 05:27:23.000000000','RR/MM/DD HH24:MI:SSXFF'),3,to_timestamp('19/02/02 05:27:23.000000000','RR/MM/DD HH24:MI:SSXFF'),1,to_timestamp('19/02/02 06:27:23.000000000','RR/MM/DD HH24:MI:SSXFF'));
Insert into SHOP.ORDER_LOG (PRO_IDX,MEM_IDX,ORDER_DATE,QUANTITY,INIT_DATE,STATUS,FINAL_DATE) values (39,5,to_timestamp('20/02/22 06:31:10.000000000','RR/MM/DD HH24:MI:SSXFF'),2,to_timestamp('20/02/22 06:31:10.000000000','RR/MM/DD HH24:MI:SSXFF'),1,to_timestamp('20/02/22 07:31:10.000000000','RR/MM/DD HH24:MI:SSXFF'));
Insert into SHOP.ORDER_LOG (PRO_IDX,MEM_IDX,ORDER_DATE,QUANTITY,INIT_DATE,STATUS,FINAL_DATE) values (3,5,to_timestamp('19/11/01 09:44:23.000000000','RR/MM/DD HH24:MI:SSXFF'),3,to_timestamp('19/11/01 09:44:23.000000000','RR/MM/DD HH24:MI:SSXFF'),1,to_timestamp('19/11/01 10:44:23.000000000','RR/MM/DD HH24:MI:SSXFF'));
Insert into SHOP.ORDER_LOG (PRO_IDX,MEM_IDX,ORDER_DATE,QUANTITY,INIT_DATE,STATUS,FINAL_DATE) values (43,4,to_timestamp('18/06/20 04:21:38.000000000','RR/MM/DD HH24:MI:SSXFF'),2,to_timestamp('18/06/20 04:21:38.000000000','RR/MM/DD HH24:MI:SSXFF'),1,to_timestamp('18/06/20 05:21:38.000000000','RR/MM/DD HH24:MI:SSXFF'));
Insert into SHOP.ORDER_LOG (PRO_IDX,MEM_IDX,ORDER_DATE,QUANTITY,INIT_DATE,STATUS,FINAL_DATE) values (55,4,to_timestamp('21/03/17 03:23:52.000000000','RR/MM/DD HH24:MI:SSXFF'),1,to_timestamp('21/03/17 03:23:52.000000000','RR/MM/DD HH24:MI:SSXFF'),1,to_timestamp('21/03/17 04:23:52.000000000','RR/MM/DD HH24:MI:SSXFF'));
Insert into SHOP.ORDER_LOG (PRO_IDX,MEM_IDX,ORDER_DATE,QUANTITY,INIT_DATE,STATUS,FINAL_DATE) values (48,5,to_timestamp('20/04/26 08:11:48.000000000','RR/MM/DD HH24:MI:SSXFF'),1,to_timestamp('20/04/26 08:11:48.000000000','RR/MM/DD HH24:MI:SSXFF'),1,to_timestamp('20/04/26 09:11:48.000000000','RR/MM/DD HH24:MI:SSXFF'));
Insert into SHOP.ORDER_LOG (PRO_IDX,MEM_IDX,ORDER_DATE,QUANTITY,INIT_DATE,STATUS,FINAL_DATE) values (3,4,to_timestamp('19/09/04 06:23:48.000000000','RR/MM/DD HH24:MI:SSXFF'),1,to_timestamp('19/09/04 06:23:48.000000000','RR/MM/DD HH24:MI:SSXFF'),1,to_timestamp('19/09/04 07:23:48.000000000','RR/MM/DD HH24:MI:SSXFF'));
Insert into SHOP.ORDER_LOG (PRO_IDX,MEM_IDX,ORDER_DATE,QUANTITY,INIT_DATE,STATUS,FINAL_DATE) values (11,4,to_timestamp('20/09/26 02:32:18.000000000','RR/MM/DD HH24:MI:SSXFF'),2,to_timestamp('20/09/26 02:32:18.000000000','RR/MM/DD HH24:MI:SSXFF'),1,to_timestamp('20/09/26 03:32:18.000000000','RR/MM/DD HH24:MI:SSXFF'));
Insert into SHOP.ORDER_LOG (PRO_IDX,MEM_IDX,ORDER_DATE,QUANTITY,INIT_DATE,STATUS,FINAL_DATE) values (33,4,to_timestamp('18/02/07 07:14:55.000000000','RR/MM/DD HH24:MI:SSXFF'),3,to_timestamp('18/02/07 07:14:55.000000000','RR/MM/DD HH24:MI:SSXFF'),1,to_timestamp('18/02/07 08:14:55.000000000','RR/MM/DD HH24:MI:SSXFF'));
Insert into SHOP.ORDER_LOG (PRO_IDX,MEM_IDX,ORDER_DATE,QUANTITY,INIT_DATE,STATUS,FINAL_DATE) values (4,3,to_timestamp('19/02/09 02:32:02.000000000','RR/MM/DD HH24:MI:SSXFF'),1,to_timestamp('19/02/09 02:32:02.000000000','RR/MM/DD HH24:MI:SSXFF'),1,to_timestamp('19/02/09 03:32:02.000000000','RR/MM/DD HH24:MI:SSXFF'));
Insert into SHOP.ORDER_LOG (PRO_IDX,MEM_IDX,ORDER_DATE,QUANTITY,INIT_DATE,STATUS,FINAL_DATE) values (67,5,to_timestamp('18/04/02 09:45:27.000000000','RR/MM/DD HH24:MI:SSXFF'),2,to_timestamp('18/04/02 09:45:27.000000000','RR/MM/DD HH24:MI:SSXFF'),1,to_timestamp('18/04/02 10:45:27.000000000','RR/MM/DD HH24:MI:SSXFF'));
Insert into SHOP.ORDER_LOG (PRO_IDX,MEM_IDX,ORDER_DATE,QUANTITY,INIT_DATE,STATUS,FINAL_DATE) values (30,3,to_timestamp('21/12/19 04:27:46.000000000','RR/MM/DD HH24:MI:SSXFF'),1,to_timestamp('21/12/19 04:27:46.000000000','RR/MM/DD HH24:MI:SSXFF'),1,to_timestamp('21/12/19 05:27:46.000000000','RR/MM/DD HH24:MI:SSXFF'));
Insert into SHOP.ORDER_LOG (PRO_IDX,MEM_IDX,ORDER_DATE,QUANTITY,INIT_DATE,STATUS,FINAL_DATE) values (4,1,to_timestamp('23/02/26 18:02:25.000000000','RR/MM/DD HH24:MI:SSXFF'),1,to_timestamp('23/02/26 18:02:25.000000000','RR/MM/DD HH24:MI:SSXFF'),1,to_timestamp('23/02/26 18:09:15.000000000','RR/MM/DD HH24:MI:SSXFF'));
Insert into SHOP.ORDER_LOG (PRO_IDX,MEM_IDX,ORDER_DATE,QUANTITY,INIT_DATE,STATUS,FINAL_DATE) values (1,1,to_timestamp('23/02/26 17:36:12.000000000','RR/MM/DD HH24:MI:SSXFF'),2,to_timestamp('23/02/26 17:36:12.000000000','RR/MM/DD HH24:MI:SSXFF'),1,to_timestamp('23/02/26 18:09:15.000000000','RR/MM/DD HH24:MI:SSXFF'));
Insert into SHOP.ORDER_LOG (PRO_IDX,MEM_IDX,ORDER_DATE,QUANTITY,INIT_DATE,STATUS,FINAL_DATE) values (3,1,to_timestamp('23/02/26 17:36:24.000000000','RR/MM/DD HH24:MI:SSXFF'),1,to_timestamp('23/02/26 17:36:24.000000000','RR/MM/DD HH24:MI:SSXFF'),1,to_timestamp('23/02/26 18:09:15.000000000','RR/MM/DD HH24:MI:SSXFF'));
REM INSERTING into SHOP.PRODUCT
SET DEFINE OFF;
Insert into SHOP.PRODUCT (PRO_IDX,NAME,CATEGORY_ID,PRICE,IMG_ADDRESS,INVENTORY) values (1,'나이키 에어 포스 1 07 프레시',1,169000,'./IMG\\product1.png',50000);
Insert into SHOP.PRODUCT (PRO_IDX,NAME,CATEGORY_ID,PRICE,IMG_ADDRESS,INVENTORY) values (2,'나이키 에어 포스 1 07',1,139000,'./IMG\\product2.png',50000);
Insert into SHOP.PRODUCT (PRO_IDX,NAME,CATEGORY_ID,PRICE,IMG_ADDRESS,INVENTORY) values (3,'나이키 에어 덩크 점보',1,149000,'./IMG\\product3.png',50000);
Insert into SHOP.PRODUCT (PRO_IDX,NAME,CATEGORY_ID,PRICE,IMG_ADDRESS,INVENTORY) values (4,'나이키 덩크 로우 SE',1,139000,'./IMG\\product4.png',50000);
Insert into SHOP.PRODUCT (PRO_IDX,NAME,CATEGORY_ID,PRICE,IMG_ADDRESS,INVENTORY) values (5,'나이키 덩크 로우 레트로',1,129000,'./IMG\\product5.png',50000);
Insert into SHOP.PRODUCT (PRO_IDX,NAME,CATEGORY_ID,PRICE,IMG_ADDRESS,INVENTORY) values (6,'나이키 에어맥스 97',1,219000,'./IMG\\product6.png',50000);
Insert into SHOP.PRODUCT (PRO_IDX,NAME,CATEGORY_ID,PRICE,IMG_ADDRESS,INVENTORY) values (7,'나이키 덩크 로우 레트로 프리미엄',1,139000,'./IMG\\product7.png',50000);
Insert into SHOP.PRODUCT (PRO_IDX,NAME,CATEGORY_ID,PRICE,IMG_ADDRESS,INVENTORY) values (8,'에어 조던 6 레트로',1,239000,'./IMG\\product8.png',50000);
Insert into SHOP.PRODUCT (PRO_IDX,NAME,CATEGORY_ID,PRICE,IMG_ADDRESS,INVENTORY) values (9,'나이키 덩크 로우 레트로',1,129000,'./IMG\\product9.png',50000);
Insert into SHOP.PRODUCT (PRO_IDX,NAME,CATEGORY_ID,PRICE,IMG_ADDRESS,INVENTORY) values (10,'에어 조던 1 미드 SE',1,169000,'./IMG\\product10.png',50000);
Insert into SHOP.PRODUCT (PRO_IDX,NAME,CATEGORY_ID,PRICE,IMG_ADDRESS,INVENTORY) values (11,'조던 누 레트로 1 로우',2,129000,'./IMG\\product11.png',50000);
Insert into SHOP.PRODUCT (PRO_IDX,NAME,CATEGORY_ID,PRICE,IMG_ADDRESS,INVENTORY) values (12,'에어 조던 1 로우 G',2,179000,'./IMG\\product12.png',50000);
Insert into SHOP.PRODUCT (PRO_IDX,NAME,CATEGORY_ID,PRICE,IMG_ADDRESS,INVENTORY) values (13,'에어 조던 1 하이 G',2,249000,'./IMG\\product13.png',50000);
Insert into SHOP.PRODUCT (PRO_IDX,NAME,CATEGORY_ID,PRICE,IMG_ADDRESS,INVENTORY) values (14,'에어 조던 6 레트로',2,239000,'./IMG\\product14.png',50000);
Insert into SHOP.PRODUCT (PRO_IDX,NAME,CATEGORY_ID,PRICE,IMG_ADDRESS,INVENTORY) values (15,'에어 조던 1 미드 SE',2,169000,'./IMG\\product15.png',50000);
Insert into SHOP.PRODUCT (PRO_IDX,NAME,CATEGORY_ID,PRICE,IMG_ADDRESS,INVENTORY) values (16,'에어 조던 5 레트로',2,239000,'./IMG\\product16.png',50000);
Insert into SHOP.PRODUCT (PRO_IDX,NAME,CATEGORY_ID,PRICE,IMG_ADDRESS,INVENTORY) values (17,'에어 조던 1 줌 컴포트 2',2,179000,'./IMG\\product17.png',50000);
Insert into SHOP.PRODUCT (PRO_IDX,NAME,CATEGORY_ID,PRICE,IMG_ADDRESS,INVENTORY) values (18,'조던 시리즈 ES',2,99000,'./IMG\\product18.png',50000);
Insert into SHOP.PRODUCT (PRO_IDX,NAME,CATEGORY_ID,PRICE,IMG_ADDRESS,INVENTORY) values (19,'에어 조던 1 줌 Cmft',2,169000,'./IMG\\product19.png',50000);
Insert into SHOP.PRODUCT (PRO_IDX,NAME,CATEGORY_ID,PRICE,IMG_ADDRESS,INVENTORY) values (20,'에어 조던 XXXVII 로우 PF',2,209000,'./IMG\\product20.png',50000);
Insert into SHOP.PRODUCT (PRO_IDX,NAME,CATEGORY_ID,PRICE,IMG_ADDRESS,INVENTORY) values (111,'TestProduct123',1,123,'./img\\product111.png',1);
Insert into SHOP.PRODUCT (PRO_IDX,NAME,CATEGORY_ID,PRICE,IMG_ADDRESS,INVENTORY) values (21,'나이키 페가수스 트레일 4 GORE-TEX',3,189000,'./IMG\\product21.png',50000);
Insert into SHOP.PRODUCT (PRO_IDX,NAME,CATEGORY_ID,PRICE,IMG_ADDRESS,INVENTORY) values (22,'나이키 스트릭플라이',3,189000,'./IMG\\product22.png',50000);
Insert into SHOP.PRODUCT (PRO_IDX,NAME,CATEGORY_ID,PRICE,IMG_ADDRESS,INVENTORY) values (23,'나이키 레볼루션 6 넥스트 네이처',3,69000,'./IMG\\product23.png',50000);
Insert into SHOP.PRODUCT (PRO_IDX,NAME,CATEGORY_ID,PRICE,IMG_ADDRESS,INVENTORY) values (24,'나이키 인빈서블 3',3,209000,'./IMG\\product24.png',50000);
Insert into SHOP.PRODUCT (PRO_IDX,NAME,CATEGORY_ID,PRICE,IMG_ADDRESS,INVENTORY) values (25,'나이키 페가수스 플라이이즈',3,139000,'./IMG\\product25.png',50000);
Insert into SHOP.PRODUCT (PRO_IDX,NAME,CATEGORY_ID,PRICE,IMG_ADDRESS,INVENTORY) values (26,'나이키 페가수스 39 프리미엄',3,159000,'./IMG\\product26.png',50000);
Insert into SHOP.PRODUCT (PRO_IDX,NAME,CATEGORY_ID,PRICE,IMG_ADDRESS,INVENTORY) values (27,'나이키 페가수스 39',3,139000,'./IMG\\product27.png',50000);
Insert into SHOP.PRODUCT (PRO_IDX,NAME,CATEGORY_ID,PRICE,IMG_ADDRESS,INVENTORY) values (28,'나이키 베이퍼플라이 2',3,279000,'./IMG\\product28.png',50000);
Insert into SHOP.PRODUCT (PRO_IDX,NAME,CATEGORY_ID,PRICE,IMG_ADDRESS,INVENTORY) values (29,'나이키 알파플라이 2',3,329000,'./IMG\\product29.png',50000);
Insert into SHOP.PRODUCT (PRO_IDX,NAME,CATEGORY_ID,PRICE,IMG_ADDRESS,INVENTORY) values (30,'나이키 페가수스 39 쉴드',3,159000,'./IMG\\product30.png',50000);
Insert into SHOP.PRODUCT (PRO_IDX,NAME,CATEGORY_ID,PRICE,IMG_ADDRESS,INVENTORY) values (31,'루카 1 넥스트 네이처 PF',4,129000,'./IMG\\product31.png',50000);
Insert into SHOP.PRODUCT (PRO_IDX,NAME,CATEGORY_ID,PRICE,IMG_ADDRESS,INVENTORY) values (32,'루카 1 PF',4,129000,'./IMG\\product32.png',50000);
Insert into SHOP.PRODUCT (PRO_IDX,NAME,CATEGORY_ID,PRICE,IMG_ADDRESS,INVENTORY) values (33,'르브론 XX EP',4,239000,'./IMG\\product33.png',50000);
Insert into SHOP.PRODUCT (PRO_IDX,NAME,CATEGORY_ID,PRICE,IMG_ADDRESS,INVENTORY) values (34,'나이키 에어 줌 GT 컷 2',4,209000,'./IMG\\product34.png',50000);
Insert into SHOP.PRODUCT (PRO_IDX,NAME,CATEGORY_ID,PRICE,IMG_ADDRESS,INVENTORY) values (35,'나이키 에어 델돈 레거시',4,139000,'./IMG\\product35.png',50000);
Insert into SHOP.PRODUCT (PRO_IDX,NAME,CATEGORY_ID,PRICE,IMG_ADDRESS,INVENTORY) values (36,'르브론 NXXT 젠 EP',4,189000,'./IMG\\product36.png',50000);
Insert into SHOP.PRODUCT (PRO_IDX,NAME,CATEGORY_ID,PRICE,IMG_ADDRESS,INVENTORY) values (37,'KD15 EP',4,179000,'./IMG\\product37.png',50000);
Insert into SHOP.PRODUCT (PRO_IDX,NAME,CATEGORY_ID,PRICE,IMG_ADDRESS,INVENTORY) values (38,'조던 누 레트로 1 로우',4,129000,'./IMG\\product38.png',50000);
Insert into SHOP.PRODUCT (PRO_IDX,NAME,CATEGORY_ID,PRICE,IMG_ADDRESS,INVENTORY) values (39,'에어 조던 XXXVII 로우 PF',4,209000,'./IMG\\product39.png',50000);
Insert into SHOP.PRODUCT (PRO_IDX,NAME,CATEGORY_ID,PRICE,IMG_ADDRESS,INVENTORY) values (40,'PG 6 EP',4,129000,'./IMG\\product40.png',50000);
Insert into SHOP.PRODUCT (PRO_IDX,NAME,CATEGORY_ID,PRICE,IMG_ADDRESS,INVENTORY) values (41,'나이키 티엠포 레전드 9 엘리트 FG',5,269000,'./IMG\\product41.png',50000);
Insert into SHOP.PRODUCT (PRO_IDX,NAME,CATEGORY_ID,PRICE,IMG_ADDRESS,INVENTORY) values (42,'나이키 줌 머큐리얼 슈퍼플라이 9 엘리트 FG',5,329000,'./IMG\\product42.png',50000);
Insert into SHOP.PRODUCT (PRO_IDX,NAME,CATEGORY_ID,PRICE,IMG_ADDRESS,INVENTORY) values (43,'나이키 팬텀 GT2 엘리트 다이내믹 핏 FG',5,309000,'./IMG\\product43.png',50000);
Insert into SHOP.PRODUCT (PRO_IDX,NAME,CATEGORY_ID,PRICE,IMG_ADDRESS,INVENTORY) values (44,'나이키 팬텀 GT2 엘리트 FG',5,289000,'./IMG\\product44.png',50000);
Insert into SHOP.PRODUCT (PRO_IDX,NAME,CATEGORY_ID,PRICE,IMG_ADDRESS,INVENTORY) values (45,'나이키 줌 머큐리얼 슈퍼플라이 9 엘리트 FG',5,329000,'./IMG\\product45.png',50000);
Insert into SHOP.PRODUCT (PRO_IDX,NAME,CATEGORY_ID,PRICE,IMG_ADDRESS,INVENTORY) values (46,'나이키 줌 머큐리얼 베이퍼 15 엘리트 FG',5,289000,'./IMG\\product46.png',50000);
Insert into SHOP.PRODUCT (PRO_IDX,NAME,CATEGORY_ID,PRICE,IMG_ADDRESS,INVENTORY) values (47,'나이키 그립니트 팬텀 GX 엘리트 다이내믹 핏 FG',5,329000,'./IMG\\product47.png',50000);
Insert into SHOP.PRODUCT (PRO_IDX,NAME,CATEGORY_ID,PRICE,IMG_ADDRESS,INVENTORY) values (48,'나이키 그립니트 팬텀 GX 엘리트 FG',5,289000,'./IMG\\product48.png',50000);
Insert into SHOP.PRODUCT (PRO_IDX,NAME,CATEGORY_ID,PRICE,IMG_ADDRESS,INVENTORY) values (49,'나이키 리액트 티엠포 레전드 9 프로 TF',5,139000,'./IMG\\product49.png',50000);
Insert into SHOP.PRODUCT (PRO_IDX,NAME,CATEGORY_ID,PRICE,IMG_ADDRESS,INVENTORY) values (50,'나이키 줌 머큐리얼 베이퍼 15 아카데미 TF',5,99000,'./IMG\\product50.png',50000);
Insert into SHOP.PRODUCT (PRO_IDX,NAME,CATEGORY_ID,PRICE,IMG_ADDRESS,INVENTORY) values (51,'나이키 메트콘 8',6,159000,'./IMG\\product51.png',50000);
Insert into SHOP.PRODUCT (PRO_IDX,NAME,CATEGORY_ID,PRICE,IMG_ADDRESS,INVENTORY) values (52,'나이키 프리 메트콘 4',6,139000,'./IMG\\product52.png',50000);
Insert into SHOP.PRODUCT (PRO_IDX,NAME,CATEGORY_ID,PRICE,IMG_ADDRESS,INVENTORY) values (53,'나이키 줌 메트콘 터보 2',6,179000,'./IMG\\product53.png',50000);
Insert into SHOP.PRODUCT (PRO_IDX,NAME,CATEGORY_ID,PRICE,IMG_ADDRESS,INVENTORY) values (54,'나이키 슈퍼렙 고 3 넥스트 네이처 플라이니트',6,119000,'./IMG\\product54.png',50000);
Insert into SHOP.PRODUCT (PRO_IDX,NAME,CATEGORY_ID,PRICE,IMG_ADDRESS,INVENTORY) values (55,'나이키 에어맥스 알파 트레이너 5',6,99000,'./IMG\\product55.png',50000);
Insert into SHOP.PRODUCT (PRO_IDX,NAME,CATEGORY_ID,PRICE,IMG_ADDRESS,INVENTORY) values (56,'나이키 메트콘 8 AMP',6,169000,'./IMG\\product56.png',50000);
Insert into SHOP.PRODUCT (PRO_IDX,NAME,CATEGORY_ID,PRICE,IMG_ADDRESS,INVENTORY) values (57,'나이키 디파이 올 데이',6,79000,'./IMG\\product57.png',50000);
Insert into SHOP.PRODUCT (PRO_IDX,NAME,CATEGORY_ID,PRICE,IMG_ADDRESS,INVENTORY) values (58,'나이키 프리 메트콘 4 AMP',6,139000,'./IMG\\product58.png',50000);
Insert into SHOP.PRODUCT (PRO_IDX,NAME,CATEGORY_ID,PRICE,IMG_ADDRESS,INVENTORY) values (59,'나이키 SB 줌 블레이저 미드 프리미엄 플러스',7,119000,'./IMG\\product59.png',50000);
Insert into SHOP.PRODUCT (PRO_IDX,NAME,CATEGORY_ID,PRICE,IMG_ADDRESS,INVENTORY) values (60,'나이키 SB 줌 블레이저 미드',7,109000,'./IMG\\product60.png',50000);
Insert into SHOP.PRODUCT (PRO_IDX,NAME,CATEGORY_ID,PRICE,IMG_ADDRESS,INVENTORY) values (61,'나이키 SB 블레이저 코트 미드 프리미엄',7,99000,'./IMG\\product61.png',50000);
Insert into SHOP.PRODUCT (PRO_IDX,NAME,CATEGORY_ID,PRICE,IMG_ADDRESS,INVENTORY) values (62,'나이키 SB 이샤드 프리미엄',7,129000,'./IMG\\product62.png',50000);
Insert into SHOP.PRODUCT (PRO_IDX,NAME,CATEGORY_ID,PRICE,IMG_ADDRESS,INVENTORY) values (63,'나이키 SB 줌 블레이저 미드 PRM',7,119000,'./IMG\\product63.png',50000);
Insert into SHOP.PRODUCT (PRO_IDX,NAME,CATEGORY_ID,PRICE,IMG_ADDRESS,INVENTORY) values (64,'나이키 BRSB',7,99000,'./IMG\\product64.png',50000);
Insert into SHOP.PRODUCT (PRO_IDX,NAME,CATEGORY_ID,PRICE,IMG_ADDRESS,INVENTORY) values (65,'나이키 SB 셰인 PRM',7,99000,'./IMG\\product65.png',50000);
Insert into SHOP.PRODUCT (PRO_IDX,NAME,CATEGORY_ID,PRICE,IMG_ADDRESS,INVENTORY) values (66,'나이키 SB 이샤드 웨어 PRM',7,129000,'./IMG\\product66.png',50000);
Insert into SHOP.PRODUCT (PRO_IDX,NAME,CATEGORY_ID,PRICE,IMG_ADDRESS,INVENTORY) values (67,'나이키 SB 블레이저 로우 프로 GT 프리미엄',7,109000,'./IMG\\product67.png',50000);
Insert into SHOP.PRODUCT (PRO_IDX,NAME,CATEGORY_ID,PRICE,IMG_ADDRESS,INVENTORY) values (68,'나이키 SB 줌 블레이저 미드 프리미엄 플러스',7,129000,'./IMG\\product68.png',50000);
Insert into SHOP.PRODUCT (PRO_IDX,NAME,CATEGORY_ID,PRICE,IMG_ADDRESS,INVENTORY) values (69,'에어 조던 1 로우 G',8,179000,'./IMG\\product69.png',50000);
Insert into SHOP.PRODUCT (PRO_IDX,NAME,CATEGORY_ID,PRICE,IMG_ADDRESS,INVENTORY) values (70,'에어 조던 1 하이 G',8,249000,'./IMG\\product70.png',50000);
Insert into SHOP.PRODUCT (PRO_IDX,NAME,CATEGORY_ID,PRICE,IMG_ADDRESS,INVENTORY) values (71,'나이키 에어맥스 90 G',8,169000,'./IMG\\product71.png',50000);
Insert into SHOP.PRODUCT (PRO_IDX,NAME,CATEGORY_ID,PRICE,IMG_ADDRESS,INVENTORY) values (72,'나이키 에어 줌 인피니티 투어 넥스트% 보아',8,259000,'./IMG\\product72.png',50000);
Insert into SHOP.PRODUCT (PRO_IDX,NAME,CATEGORY_ID,PRICE,IMG_ADDRESS,INVENTORY) values (73,'나이키 에어맥스 90 G NRG',8,179000,'./IMG\\product73.png',50000);
Insert into SHOP.PRODUCT (PRO_IDX,NAME,CATEGORY_ID,PRICE,IMG_ADDRESS,INVENTORY) values (74,'나이키코트 줌 베이퍼 케이지 4 라파',9,179000,'./IMG\\product74.png',50000);
Insert into SHOP.PRODUCT (PRO_IDX,NAME,CATEGORY_ID,PRICE,IMG_ADDRESS,INVENTORY) values (75,'나이키코트 에어 줌 베이퍼 프로 2',9,139000,'./IMG\\product75.png',50000);
Insert into SHOP.PRODUCT (PRO_IDX,NAME,CATEGORY_ID,PRICE,IMG_ADDRESS,INVENTORY) values (76,'나이키코트 줌 프로',9,119000,'./IMG\\product76.png',50000);
Insert into SHOP.PRODUCT (PRO_IDX,NAME,CATEGORY_ID,PRICE,IMG_ADDRESS,INVENTORY) values (77,'나이키코트 에어 줌 NXT',9,169000,'./IMG\\product77.png',50000);
Insert into SHOP.PRODUCT (PRO_IDX,NAME,CATEGORY_ID,PRICE,IMG_ADDRESS,INVENTORY) values (78,'나이키코트 베이퍼 라이트',9,99000,'./IMG\\product78.png',50000);
Insert into SHOP.PRODUCT (PRO_IDX,NAME,CATEGORY_ID,PRICE,IMG_ADDRESS,INVENTORY) values (79,'나이키 버로우 SE',10,69000,'./IMG\\product79.png',50000);
Insert into SHOP.PRODUCT (PRO_IDX,NAME,CATEGORY_ID,PRICE,IMG_ADDRESS,INVENTORY) values (80,'나이키 오프라인 3.0',10,129000,'./IMG\\product80.png',50000);
Insert into SHOP.PRODUCT (PRO_IDX,NAME,CATEGORY_ID,PRICE,IMG_ADDRESS,INVENTORY) values (81,'나이키 빅토리 원',10,29000,'./IMG\\product81.png',50000);
Insert into SHOP.PRODUCT (PRO_IDX,NAME,CATEGORY_ID,PRICE,IMG_ADDRESS,INVENTORY) values (82,'나이키 비스타',10,69000,'./IMG\\product82.png',50000);
Insert into SHOP.PRODUCT (PRO_IDX,NAME,CATEGORY_ID,PRICE,IMG_ADDRESS,INVENTORY) values (83,'나이키 에코헤이븐 넥스트 네이처',10,59000,'./IMG\\product83.png',50000);
Insert into SHOP.PRODUCT (PRO_IDX,NAME,CATEGORY_ID,PRICE,IMG_ADDRESS,INVENTORY) values (112,'11',1,11,'./img\\product112.png',11);
Insert into SHOP.PRODUCT (PRO_IDX,NAME,CATEGORY_ID,PRICE,IMG_ADDRESS,INVENTORY) values (110,'TESTPRODUCT',7,9999,'./img\\product110.png',100);
Insert into SHOP.PRODUCT (PRO_IDX,NAME,CATEGORY_ID,PRICE,IMG_ADDRESS,INVENTORY) values (113,'11',1,11,'./img\\product113.png',11);
REM INSERTING into SHOP.REVIEW
SET DEFINE OFF;
Insert into SHOP.REVIEW (PRO_IDX,MEM_IDX,COM_DATE,COMMENTS,STAR_RATING) values (42,2,to_timestamp('18/10/09 10:28:45.000000000','RR/MM/DD HH24:MI:SSXFF'),'색상이 이쁘고 문의답변이 친절해요',5);
Insert into SHOP.REVIEW (PRO_IDX,MEM_IDX,COM_DATE,COMMENTS,STAR_RATING) values (34,4,to_timestamp('18/03/20 01:21:33.000000000','RR/MM/DD HH24:MI:SSXFF'),'배송이 빠르고 품질이 좋아요',5);
Insert into SHOP.REVIEW (PRO_IDX,MEM_IDX,COM_DATE,COMMENTS,STAR_RATING) values (33,2,to_timestamp('20/07/15 07:12:51.000000000','RR/MM/DD HH24:MI:SSXFF'),'배송이 느리고 품질이 낮아요',1);
Insert into SHOP.REVIEW (PRO_IDX,MEM_IDX,COM_DATE,COMMENTS,STAR_RATING) values (5,3,to_timestamp('20/12/21 03:24:36.000000000','RR/MM/DD HH24:MI:SSXFF'),'사진과 다르고 문답이 느려요',2);
Insert into SHOP.REVIEW (PRO_IDX,MEM_IDX,COM_DATE,COMMENTS,STAR_RATING) values (15,4,to_timestamp('22/02/01 08:22:46.000000000','RR/MM/DD HH24:MI:SSXFF'),'사진과 다르고 품질이 낮아요',1);
Insert into SHOP.REVIEW (PRO_IDX,MEM_IDX,COM_DATE,COMMENTS,STAR_RATING) values (13,2,to_timestamp('20/12/19 10:05:17.000000000','RR/MM/DD HH24:MI:SSXFF'),'배송이 느리고 품질이 좋아요',3);
Insert into SHOP.REVIEW (PRO_IDX,MEM_IDX,COM_DATE,COMMENTS,STAR_RATING) values (2,5,to_timestamp('19/09/10 10:49:44.000000000','RR/MM/DD HH24:MI:SSXFF'),'색상이 이쁘고 품질이 낮아요',3);
Insert into SHOP.REVIEW (PRO_IDX,MEM_IDX,COM_DATE,COMMENTS,STAR_RATING) values (8,3,to_timestamp('18/04/02 09:10:07.000000000','RR/MM/DD HH24:MI:SSXFF'),'배송이 빠르고 문의답변이 친절해요',4);
Insert into SHOP.REVIEW (PRO_IDX,MEM_IDX,COM_DATE,COMMENTS,STAR_RATING) values (36,4,to_timestamp('22/12/12 10:44:22.000000000','RR/MM/DD HH24:MI:SSXFF'),'색상이 이쁘고 문의답변이 친절해요',5);
Insert into SHOP.REVIEW (PRO_IDX,MEM_IDX,COM_DATE,COMMENTS,STAR_RATING) values (36,5,to_timestamp('18/01/16 08:14:39.000000000','RR/MM/DD HH24:MI:SSXFF'),'사진과 다르고 문의답변이 친절해요',3);
Insert into SHOP.REVIEW (PRO_IDX,MEM_IDX,COM_DATE,COMMENTS,STAR_RATING) values (19,4,to_timestamp('19/07/14 01:04:22.000000000','RR/MM/DD HH24:MI:SSXFF'),'사진과 다르고 문답이 느려요',2);
Insert into SHOP.REVIEW (PRO_IDX,MEM_IDX,COM_DATE,COMMENTS,STAR_RATING) values (1,2,to_timestamp('21/01/27 01:06:45.000000000','RR/MM/DD HH24:MI:SSXFF'),'배송이 빠르고 문의답변이 친절해요',4);
Insert into SHOP.REVIEW (PRO_IDX,MEM_IDX,COM_DATE,COMMENTS,STAR_RATING) values (42,2,to_timestamp('18/08/12 06:20:39.000000000','RR/MM/DD HH24:MI:SSXFF'),'사진과 다르고 품질이 낮아요',1);
Insert into SHOP.REVIEW (PRO_IDX,MEM_IDX,COM_DATE,COMMENTS,STAR_RATING) values (25,2,to_timestamp('20/10/07 09:53:06.000000000','RR/MM/DD HH24:MI:SSXFF'),'배송이 빠르고 품질이 낮아요',2);
Insert into SHOP.REVIEW (PRO_IDX,MEM_IDX,COM_DATE,COMMENTS,STAR_RATING) values (14,4,to_timestamp('21/07/21 05:05:19.000000000','RR/MM/DD HH24:MI:SSXFF'),'색상이 이쁘고 품질이 좋아요',5);
Insert into SHOP.REVIEW (PRO_IDX,MEM_IDX,COM_DATE,COMMENTS,STAR_RATING) values (31,5,to_timestamp('22/09/06 01:37:12.000000000','RR/MM/DD HH24:MI:SSXFF'),'배송이 느리고 문답이 느려요',1);
Insert into SHOP.REVIEW (PRO_IDX,MEM_IDX,COM_DATE,COMMENTS,STAR_RATING) values (14,5,to_timestamp('22/06/11 09:53:48.000000000','RR/MM/DD HH24:MI:SSXFF'),'색상이 이쁘고 품질이 좋아요',5);
Insert into SHOP.REVIEW (PRO_IDX,MEM_IDX,COM_DATE,COMMENTS,STAR_RATING) values (12,2,to_timestamp('20/04/08 04:46:21.000000000','RR/MM/DD HH24:MI:SSXFF'),'색상이 이쁘고 문답이 느려요',4);
Insert into SHOP.REVIEW (PRO_IDX,MEM_IDX,COM_DATE,COMMENTS,STAR_RATING) values (11,4,to_timestamp('20/11/16 03:01:41.000000000','RR/MM/DD HH24:MI:SSXFF'),'색상이 이쁘고 문의답변이 친절해요',5);
Insert into SHOP.REVIEW (PRO_IDX,MEM_IDX,COM_DATE,COMMENTS,STAR_RATING) values (43,5,to_timestamp('19/08/12 11:33:45.000000000','RR/MM/DD HH24:MI:SSXFF'),'배송이 빠르고 문답이 느려요',3);
Insert into SHOP.REVIEW (PRO_IDX,MEM_IDX,COM_DATE,COMMENTS,STAR_RATING) values (35,3,to_timestamp('19/02/10 02:02:47.000000000','RR/MM/DD HH24:MI:SSXFF'),'색상이 이쁘고 품질이 좋아요',5);
Insert into SHOP.REVIEW (PRO_IDX,MEM_IDX,COM_DATE,COMMENTS,STAR_RATING) values (29,3,to_timestamp('20/03/06 01:52:49.000000000','RR/MM/DD HH24:MI:SSXFF'),'배송이 빠르고 문의답변이 친절해요',4);
Insert into SHOP.REVIEW (PRO_IDX,MEM_IDX,COM_DATE,COMMENTS,STAR_RATING) values (25,4,to_timestamp('19/03/23 01:30:50.000000000','RR/MM/DD HH24:MI:SSXFF'),'색상이 이쁘고 문의답변이 친절해요',5);
Insert into SHOP.REVIEW (PRO_IDX,MEM_IDX,COM_DATE,COMMENTS,STAR_RATING) values (21,4,to_timestamp('19/04/02 10:21:57.000000000','RR/MM/DD HH24:MI:SSXFF'),'색상이 이쁘고 품질이 낮아요',3);
Insert into SHOP.REVIEW (PRO_IDX,MEM_IDX,COM_DATE,COMMENTS,STAR_RATING) values (41,2,to_timestamp('21/07/05 10:43:27.000000000','RR/MM/DD HH24:MI:SSXFF'),'배송이 빠르고 문답이 느려요',3);
Insert into SHOP.REVIEW (PRO_IDX,MEM_IDX,COM_DATE,COMMENTS,STAR_RATING) values (4,3,to_timestamp('20/02/06 01:26:27.000000000','RR/MM/DD HH24:MI:SSXFF'),'사진과 다르고 문의답변이 친절해요',3);
Insert into SHOP.REVIEW (PRO_IDX,MEM_IDX,COM_DATE,COMMENTS,STAR_RATING) values (30,4,to_timestamp('21/02/15 11:09:27.000000000','RR/MM/DD HH24:MI:SSXFF'),'사진과 다르고 품질이 낮아요',1);
Insert into SHOP.REVIEW (PRO_IDX,MEM_IDX,COM_DATE,COMMENTS,STAR_RATING) values (25,4,to_timestamp('19/02/24 08:05:51.000000000','RR/MM/DD HH24:MI:SSXFF'),'배송이 느리고 문의답변이 친절해요',2);
Insert into SHOP.REVIEW (PRO_IDX,MEM_IDX,COM_DATE,COMMENTS,STAR_RATING) values (32,4,to_timestamp('22/03/10 07:19:48.000000000','RR/MM/DD HH24:MI:SSXFF'),'사진과 다르고 문의답변이 친절해요',3);
Insert into SHOP.REVIEW (PRO_IDX,MEM_IDX,COM_DATE,COMMENTS,STAR_RATING) values (12,3,to_timestamp('20/01/15 09:01:19.000000000','RR/MM/DD HH24:MI:SSXFF'),'배송이 느리고 문의답변이 친절해요',2);
Insert into SHOP.REVIEW (PRO_IDX,MEM_IDX,COM_DATE,COMMENTS,STAR_RATING) values (2,2,to_timestamp('19/06/04 11:34:03.000000000','RR/MM/DD HH24:MI:SSXFF'),'배송이 빠르고 품질이 낮아요',2);
Insert into SHOP.REVIEW (PRO_IDX,MEM_IDX,COM_DATE,COMMENTS,STAR_RATING) values (10,4,to_timestamp('22/06/14 06:17:28.000000000','RR/MM/DD HH24:MI:SSXFF'),'배송이 느리고 품질이 낮아요',1);
Insert into SHOP.REVIEW (PRO_IDX,MEM_IDX,COM_DATE,COMMENTS,STAR_RATING) values (36,3,to_timestamp('22/02/27 02:24:07.000000000','RR/MM/DD HH24:MI:SSXFF'),'배송이 느리고 품질이 낮아요',1);
Insert into SHOP.REVIEW (PRO_IDX,MEM_IDX,COM_DATE,COMMENTS,STAR_RATING) values (33,5,to_timestamp('18/01/05 01:02:34.000000000','RR/MM/DD HH24:MI:SSXFF'),'배송이 빠르고 문의답변이 친절해요',4);
Insert into SHOP.REVIEW (PRO_IDX,MEM_IDX,COM_DATE,COMMENTS,STAR_RATING) values (7,2,to_timestamp('18/05/04 03:04:57.000000000','RR/MM/DD HH24:MI:SSXFF'),'사진과 다르고 문의답변이 친절해요',3);
Insert into SHOP.REVIEW (PRO_IDX,MEM_IDX,COM_DATE,COMMENTS,STAR_RATING) values (31,4,to_timestamp('20/10/01 07:46:57.000000000','RR/MM/DD HH24:MI:SSXFF'),'사진과 다르고 품질이 낮아요',1);
Insert into SHOP.REVIEW (PRO_IDX,MEM_IDX,COM_DATE,COMMENTS,STAR_RATING) values (31,2,to_timestamp('20/09/27 04:23:02.000000000','RR/MM/DD HH24:MI:SSXFF'),'색상이 이쁘고 품질이 낮아요',3);
Insert into SHOP.REVIEW (PRO_IDX,MEM_IDX,COM_DATE,COMMENTS,STAR_RATING) values (45,3,to_timestamp('22/02/17 10:27:49.000000000','RR/MM/DD HH24:MI:SSXFF'),'배송이 빠르고 품질이 좋아요',5);
Insert into SHOP.REVIEW (PRO_IDX,MEM_IDX,COM_DATE,COMMENTS,STAR_RATING) values (27,4,to_timestamp('18/03/16 01:31:38.000000000','RR/MM/DD HH24:MI:SSXFF'),'색상이 이쁘고 품질이 낮아요',3);
Insert into SHOP.REVIEW (PRO_IDX,MEM_IDX,COM_DATE,COMMENTS,STAR_RATING) values (14,4,to_timestamp('22/06/07 06:07:06.000000000','RR/MM/DD HH24:MI:SSXFF'),'배송이 느리고 품질이 낮아요',1);
Insert into SHOP.REVIEW (PRO_IDX,MEM_IDX,COM_DATE,COMMENTS,STAR_RATING) values (40,4,to_timestamp('22/04/23 01:26:46.000000000','RR/MM/DD HH24:MI:SSXFF'),'배송이 빠르고 품질이 낮아요',2);
Insert into SHOP.REVIEW (PRO_IDX,MEM_IDX,COM_DATE,COMMENTS,STAR_RATING) values (36,3,to_timestamp('18/04/13 06:08:34.000000000','RR/MM/DD HH24:MI:SSXFF'),'색상이 이쁘고 품질이 낮아요',3);
Insert into SHOP.REVIEW (PRO_IDX,MEM_IDX,COM_DATE,COMMENTS,STAR_RATING) values (44,4,to_timestamp('18/05/22 10:28:48.000000000','RR/MM/DD HH24:MI:SSXFF'),'사진과 다르고 문답이 느려요',2);
Insert into SHOP.REVIEW (PRO_IDX,MEM_IDX,COM_DATE,COMMENTS,STAR_RATING) values (31,3,to_timestamp('22/07/03 02:22:42.000000000','RR/MM/DD HH24:MI:SSXFF'),'배송이 빠르고 품질이 좋아요',5);
Insert into SHOP.REVIEW (PRO_IDX,MEM_IDX,COM_DATE,COMMENTS,STAR_RATING) values (5,3,to_timestamp('22/11/21 03:25:23.000000000','RR/MM/DD HH24:MI:SSXFF'),'배송이 느리고 문답이 느려요',1);
Insert into SHOP.REVIEW (PRO_IDX,MEM_IDX,COM_DATE,COMMENTS,STAR_RATING) values (28,5,to_timestamp('18/10/16 09:17:02.000000000','RR/MM/DD HH24:MI:SSXFF'),'배송이 빠르고 문의답변이 친절해요',4);
Insert into SHOP.REVIEW (PRO_IDX,MEM_IDX,COM_DATE,COMMENTS,STAR_RATING) values (15,3,to_timestamp('22/08/02 08:40:40.000000000','RR/MM/DD HH24:MI:SSXFF'),'배송이 느리고 문의답변이 친절해요',2);
Insert into SHOP.REVIEW (PRO_IDX,MEM_IDX,COM_DATE,COMMENTS,STAR_RATING) values (36,4,to_timestamp('18/11/13 04:24:08.000000000','RR/MM/DD HH24:MI:SSXFF'),'사진과 다르고 문답이 느려요',2);
Insert into SHOP.REVIEW (PRO_IDX,MEM_IDX,COM_DATE,COMMENTS,STAR_RATING) values (17,5,to_timestamp('19/12/06 02:33:17.000000000','RR/MM/DD HH24:MI:SSXFF'),'사진과 다르고 품질이 좋아요',4);
Insert into SHOP.REVIEW (PRO_IDX,MEM_IDX,COM_DATE,COMMENTS,STAR_RATING) values (6,2,to_timestamp('22/04/07 03:33:01.000000000','RR/MM/DD HH24:MI:SSXFF'),'배송이 빠르고 문답이 느려요',3);
Insert into SHOP.REVIEW (PRO_IDX,MEM_IDX,COM_DATE,COMMENTS,STAR_RATING) values (27,3,to_timestamp('19/05/10 11:27:07.000000000','RR/MM/DD HH24:MI:SSXFF'),'색상이 이쁘고 문의답변이 친절해요',5);
Insert into SHOP.REVIEW (PRO_IDX,MEM_IDX,COM_DATE,COMMENTS,STAR_RATING) values (36,5,to_timestamp('22/05/02 02:53:50.000000000','RR/MM/DD HH24:MI:SSXFF'),'사진과 다르고 문의답변이 친절해요',3);
Insert into SHOP.REVIEW (PRO_IDX,MEM_IDX,COM_DATE,COMMENTS,STAR_RATING) values (17,5,to_timestamp('20/10/04 09:43:44.000000000','RR/MM/DD HH24:MI:SSXFF'),'사진과 다르고 품질이 낮아요',1);
Insert into SHOP.REVIEW (PRO_IDX,MEM_IDX,COM_DATE,COMMENTS,STAR_RATING) values (30,5,to_timestamp('19/10/09 03:22:04.000000000','RR/MM/DD HH24:MI:SSXFF'),'사진과 다르고 품질이 낮아요',1);
Insert into SHOP.REVIEW (PRO_IDX,MEM_IDX,COM_DATE,COMMENTS,STAR_RATING) values (13,2,to_timestamp('20/12/07 10:47:43.000000000','RR/MM/DD HH24:MI:SSXFF'),'배송이 느리고 품질이 낮아요',1);
Insert into SHOP.REVIEW (PRO_IDX,MEM_IDX,COM_DATE,COMMENTS,STAR_RATING) values (36,2,to_timestamp('21/07/08 04:48:17.000000000','RR/MM/DD HH24:MI:SSXFF'),'색상이 이쁘고 품질이 좋아요',5);
Insert into SHOP.REVIEW (PRO_IDX,MEM_IDX,COM_DATE,COMMENTS,STAR_RATING) values (25,2,to_timestamp('21/10/15 02:09:35.000000000','RR/MM/DD HH24:MI:SSXFF'),'색상이 이쁘고 문답이 느려요',4);
Insert into SHOP.REVIEW (PRO_IDX,MEM_IDX,COM_DATE,COMMENTS,STAR_RATING) values (16,5,to_timestamp('22/10/03 08:09:06.000000000','RR/MM/DD HH24:MI:SSXFF'),'배송이 느리고 품질이 낮아요',1);
Insert into SHOP.REVIEW (PRO_IDX,MEM_IDX,COM_DATE,COMMENTS,STAR_RATING) values (7,5,to_timestamp('19/03/22 11:53:38.000000000','RR/MM/DD HH24:MI:SSXFF'),'색상이 이쁘고 문답이 느려요',4);
Insert into SHOP.REVIEW (PRO_IDX,MEM_IDX,COM_DATE,COMMENTS,STAR_RATING) values (31,4,to_timestamp('20/05/12 08:36:50.000000000','RR/MM/DD HH24:MI:SSXFF'),'배송이 빠르고 품질이 낮아요',2);
Insert into SHOP.REVIEW (PRO_IDX,MEM_IDX,COM_DATE,COMMENTS,STAR_RATING) values (9,5,to_timestamp('21/02/14 02:43:14.000000000','RR/MM/DD HH24:MI:SSXFF'),'배송이 느리고 문의답변이 친절해요',2);
Insert into SHOP.REVIEW (PRO_IDX,MEM_IDX,COM_DATE,COMMENTS,STAR_RATING) values (3,5,to_timestamp('22/04/11 02:01:48.000000000','RR/MM/DD HH24:MI:SSXFF'),'사진과 다르고 문의답변이 친절해요',3);
Insert into SHOP.REVIEW (PRO_IDX,MEM_IDX,COM_DATE,COMMENTS,STAR_RATING) values (37,3,to_timestamp('21/02/22 10:15:44.000000000','RR/MM/DD HH24:MI:SSXFF'),'사진과 다르고 품질이 좋아요',4);
Insert into SHOP.REVIEW (PRO_IDX,MEM_IDX,COM_DATE,COMMENTS,STAR_RATING) values (31,3,to_timestamp('21/12/14 03:25:44.000000000','RR/MM/DD HH24:MI:SSXFF'),'색상이 이쁘고 문답이 느려요',4);
Insert into SHOP.REVIEW (PRO_IDX,MEM_IDX,COM_DATE,COMMENTS,STAR_RATING) values (35,2,to_timestamp('19/09/18 09:10:26.000000000','RR/MM/DD HH24:MI:SSXFF'),'색상이 이쁘고 문의답변이 친절해요',5);
Insert into SHOP.REVIEW (PRO_IDX,MEM_IDX,COM_DATE,COMMENTS,STAR_RATING) values (31,2,to_timestamp('21/11/22 05:12:11.000000000','RR/MM/DD HH24:MI:SSXFF'),'색상이 이쁘고 품질이 좋아요',5);
Insert into SHOP.REVIEW (PRO_IDX,MEM_IDX,COM_DATE,COMMENTS,STAR_RATING) values (15,4,to_timestamp('19/03/27 04:49:47.000000000','RR/MM/DD HH24:MI:SSXFF'),'사진과 다르고 품질이 좋아요',4);
Insert into SHOP.REVIEW (PRO_IDX,MEM_IDX,COM_DATE,COMMENTS,STAR_RATING) values (4,4,to_timestamp('21/05/03 05:59:02.000000000','RR/MM/DD HH24:MI:SSXFF'),'사진과 다르고 품질이 좋아요',4);
Insert into SHOP.REVIEW (PRO_IDX,MEM_IDX,COM_DATE,COMMENTS,STAR_RATING) values (32,2,to_timestamp('22/06/06 08:26:36.000000000','RR/MM/DD HH24:MI:SSXFF'),'배송이 느리고 품질이 낮아요',1);
Insert into SHOP.REVIEW (PRO_IDX,MEM_IDX,COM_DATE,COMMENTS,STAR_RATING) values (38,2,to_timestamp('18/11/23 03:12:22.000000000','RR/MM/DD HH24:MI:SSXFF'),'색상이 이쁘고 문답이 느려요',4);
Insert into SHOP.REVIEW (PRO_IDX,MEM_IDX,COM_DATE,COMMENTS,STAR_RATING) values (17,3,to_timestamp('19/02/16 07:13:08.000000000','RR/MM/DD HH24:MI:SSXFF'),'배송이 빠르고 문의답변이 친절해요',4);
Insert into SHOP.REVIEW (PRO_IDX,MEM_IDX,COM_DATE,COMMENTS,STAR_RATING) values (24,2,to_timestamp('21/09/25 11:14:23.000000000','RR/MM/DD HH24:MI:SSXFF'),'배송이 빠르고 품질이 좋아요',5);
Insert into SHOP.REVIEW (PRO_IDX,MEM_IDX,COM_DATE,COMMENTS,STAR_RATING) values (18,5,to_timestamp('19/03/26 08:22:38.000000000','RR/MM/DD HH24:MI:SSXFF'),'배송이 느리고 품질이 좋아요',3);
Insert into SHOP.REVIEW (PRO_IDX,MEM_IDX,COM_DATE,COMMENTS,STAR_RATING) values (44,3,to_timestamp('18/07/05 09:29:23.000000000','RR/MM/DD HH24:MI:SSXFF'),'배송이 느리고 품질이 낮아요',1);
Insert into SHOP.REVIEW (PRO_IDX,MEM_IDX,COM_DATE,COMMENTS,STAR_RATING) values (26,3,to_timestamp('20/11/02 01:56:33.000000000','RR/MM/DD HH24:MI:SSXFF'),'색상이 이쁘고 품질이 좋아요',5);
Insert into SHOP.REVIEW (PRO_IDX,MEM_IDX,COM_DATE,COMMENTS,STAR_RATING) values (26,3,to_timestamp('18/12/08 06:28:44.000000000','RR/MM/DD HH24:MI:SSXFF'),'사진과 다르고 문의답변이 친절해요',3);
Insert into SHOP.REVIEW (PRO_IDX,MEM_IDX,COM_DATE,COMMENTS,STAR_RATING) values (32,3,to_timestamp('21/11/24 03:38:36.000000000','RR/MM/DD HH24:MI:SSXFF'),'사진과 다르고 문의답변이 친절해요',3);
Insert into SHOP.REVIEW (PRO_IDX,MEM_IDX,COM_DATE,COMMENTS,STAR_RATING) values (10,5,to_timestamp('22/12/24 09:09:23.000000000','RR/MM/DD HH24:MI:SSXFF'),'배송이 빠르고 품질이 낮아요',2);
Insert into SHOP.REVIEW (PRO_IDX,MEM_IDX,COM_DATE,COMMENTS,STAR_RATING) values (43,2,to_timestamp('19/08/24 05:00:58.000000000','RR/MM/DD HH24:MI:SSXFF'),'색상이 이쁘고 품질이 좋아요',5);
Insert into SHOP.REVIEW (PRO_IDX,MEM_IDX,COM_DATE,COMMENTS,STAR_RATING) values (30,4,to_timestamp('21/07/17 07:49:30.000000000','RR/MM/DD HH24:MI:SSXFF'),'배송이 빠르고 문답이 느려요',3);
Insert into SHOP.REVIEW (PRO_IDX,MEM_IDX,COM_DATE,COMMENTS,STAR_RATING) values (43,4,to_timestamp('22/10/06 09:52:33.000000000','RR/MM/DD HH24:MI:SSXFF'),'색상이 이쁘고 품질이 좋아요',5);
Insert into SHOP.REVIEW (PRO_IDX,MEM_IDX,COM_DATE,COMMENTS,STAR_RATING) values (28,5,to_timestamp('19/10/07 07:02:58.000000000','RR/MM/DD HH24:MI:SSXFF'),'사진과 다르고 품질이 좋아요',4);
Insert into SHOP.REVIEW (PRO_IDX,MEM_IDX,COM_DATE,COMMENTS,STAR_RATING) values (26,3,to_timestamp('19/08/23 08:33:27.000000000','RR/MM/DD HH24:MI:SSXFF'),'배송이 느리고 품질이 낮아요',1);
Insert into SHOP.REVIEW (PRO_IDX,MEM_IDX,COM_DATE,COMMENTS,STAR_RATING) values (24,4,to_timestamp('19/02/07 05:29:51.000000000','RR/MM/DD HH24:MI:SSXFF'),'배송이 느리고 문답이 느려요',1);
Insert into SHOP.REVIEW (PRO_IDX,MEM_IDX,COM_DATE,COMMENTS,STAR_RATING) values (19,3,to_timestamp('18/03/18 06:03:25.000000000','RR/MM/DD HH24:MI:SSXFF'),'배송이 느리고 문의답변이 친절해요',2);
Insert into SHOP.REVIEW (PRO_IDX,MEM_IDX,COM_DATE,COMMENTS,STAR_RATING) values (30,4,to_timestamp('18/12/27 07:55:07.000000000','RR/MM/DD HH24:MI:SSXFF'),'색상이 이쁘고 문의답변이 친절해요',5);
Insert into SHOP.REVIEW (PRO_IDX,MEM_IDX,COM_DATE,COMMENTS,STAR_RATING) values (43,4,to_timestamp('18/05/08 06:14:28.000000000','RR/MM/DD HH24:MI:SSXFF'),'사진과 다르고 문의답변이 친절해요',3);
Insert into SHOP.REVIEW (PRO_IDX,MEM_IDX,COM_DATE,COMMENTS,STAR_RATING) values (1,1,to_timestamp('23/02/25 18:48:38.000000000','RR/MM/DD HH24:MI:SSXFF'),'(수정됨)1번 텍스트/2번 텍스트/3번 텍스트',5);
Insert into SHOP.REVIEW (PRO_IDX,MEM_IDX,COM_DATE,COMMENTS,STAR_RATING) values (22,4,to_timestamp('21/01/20 06:34:53.000000000','RR/MM/DD HH24:MI:SSXFF'),'색상이 이쁘고 품질이 낮아요',3);
Insert into SHOP.REVIEW (PRO_IDX,MEM_IDX,COM_DATE,COMMENTS,STAR_RATING) values (16,2,to_timestamp('18/05/15 01:08:20.000000000','RR/MM/DD HH24:MI:SSXFF'),'배송이 빠르고 문답이 느려요',3);
Insert into SHOP.REVIEW (PRO_IDX,MEM_IDX,COM_DATE,COMMENTS,STAR_RATING) values (38,5,to_timestamp('19/09/06 02:20:33.000000000','RR/MM/DD HH24:MI:SSXFF'),'배송이 느리고 문의답변이 친절해요',2);
Insert into SHOP.REVIEW (PRO_IDX,MEM_IDX,COM_DATE,COMMENTS,STAR_RATING) values (11,3,to_timestamp('19/08/02 02:56:44.000000000','RR/MM/DD HH24:MI:SSXFF'),'배송이 느리고 문답이 느려요',1);
Insert into SHOP.REVIEW (PRO_IDX,MEM_IDX,COM_DATE,COMMENTS,STAR_RATING) values (42,5,to_timestamp('20/07/18 10:07:47.000000000','RR/MM/DD HH24:MI:SSXFF'),'색상이 이쁘고 문답이 느려요',4);
Insert into SHOP.REVIEW (PRO_IDX,MEM_IDX,COM_DATE,COMMENTS,STAR_RATING) values (12,3,to_timestamp('19/01/05 01:00:58.000000000','RR/MM/DD HH24:MI:SSXFF'),'배송이 빠르고 문답이 느려요',3);
Insert into SHOP.REVIEW (PRO_IDX,MEM_IDX,COM_DATE,COMMENTS,STAR_RATING) values (17,3,to_timestamp('19/09/09 09:04:14.000000000','RR/MM/DD HH24:MI:SSXFF'),'배송이 느리고 문의답변이 친절해요',2);
Insert into SHOP.REVIEW (PRO_IDX,MEM_IDX,COM_DATE,COMMENTS,STAR_RATING) values (45,3,to_timestamp('21/10/25 10:30:27.000000000','RR/MM/DD HH24:MI:SSXFF'),'사진과 다르고 품질이 낮아요',1);
Insert into SHOP.REVIEW (PRO_IDX,MEM_IDX,COM_DATE,COMMENTS,STAR_RATING) values (19,2,to_timestamp('22/12/26 04:38:44.000000000','RR/MM/DD HH24:MI:SSXFF'),'배송이 느리고 품질이 좋아요',3);
Insert into SHOP.REVIEW (PRO_IDX,MEM_IDX,COM_DATE,COMMENTS,STAR_RATING) values (2,3,to_timestamp('18/02/26 08:08:43.000000000','RR/MM/DD HH24:MI:SSXFF'),'배송이 빠르고 품질이 낮아요',2);
Insert into SHOP.REVIEW (PRO_IDX,MEM_IDX,COM_DATE,COMMENTS,STAR_RATING) values (15,2,to_timestamp('22/01/09 07:30:05.000000000','RR/MM/DD HH24:MI:SSXFF'),'배송이 빠르고 문의답변이 친절해요',4);
Insert into SHOP.REVIEW (PRO_IDX,MEM_IDX,COM_DATE,COMMENTS,STAR_RATING) values (7,4,to_timestamp('18/05/05 09:45:08.000000000','RR/MM/DD HH24:MI:SSXFF'),'사진과 다르고 문의답변이 친절해요',3);
--------------------------------------------------------
--  DDL for Index CART_PK
--------------------------------------------------------

  CREATE UNIQUE INDEX "SHOP"."CART_PK" ON "SHOP"."CART" ("PRO_IDX", "MEM_IDX", "INIT_DATE") 
  PCTFREE 10 INITRANS 2 MAXTRANS 255 COMPUTE STATISTICS 
  STORAGE(INITIAL 65536 NEXT 1048576 MINEXTENTS 1 MAXEXTENTS 2147483645
  PCTINCREASE 0 FREELISTS 1 FREELIST GROUPS 1 BUFFER_POOL DEFAULT FLASH_CACHE DEFAULT CELL_FLASH_CACHE DEFAULT)
  TABLESPACE "USERS" ;
--------------------------------------------------------
--  DDL for Index CATEGORY_PK
--------------------------------------------------------

  CREATE UNIQUE INDEX "SHOP"."CATEGORY_PK" ON "SHOP"."CATEGORY" ("CAT_IDX") 
  PCTFREE 10 INITRANS 2 MAXTRANS 255 COMPUTE STATISTICS 
  STORAGE(INITIAL 65536 NEXT 1048576 MINEXTENTS 1 MAXEXTENTS 2147483645
  PCTINCREASE 0 FREELISTS 1 FREELIST GROUPS 1 BUFFER_POOL DEFAULT FLASH_CACHE DEFAULT CELL_FLASH_CACHE DEFAULT)
  TABLESPACE "USERS" ;
--------------------------------------------------------
--  DDL for Index MEMBER_PK
--------------------------------------------------------

  CREATE UNIQUE INDEX "SHOP"."MEMBER_PK" ON "SHOP"."MEMBER" ("MEM_IDX") 
  PCTFREE 10 INITRANS 2 MAXTRANS 255 COMPUTE STATISTICS 
  STORAGE(INITIAL 65536 NEXT 1048576 MINEXTENTS 1 MAXEXTENTS 2147483645
  PCTINCREASE 0 FREELISTS 1 FREELIST GROUPS 1 BUFFER_POOL DEFAULT FLASH_CACHE DEFAULT CELL_FLASH_CACHE DEFAULT)
  TABLESPACE "USERS" ;
--------------------------------------------------------
--  DDL for Index ORDER_LOG_PK
--------------------------------------------------------

  CREATE UNIQUE INDEX "SHOP"."ORDER_LOG_PK" ON "SHOP"."ORDER_LOG" ("PRO_IDX", "MEM_IDX", "ORDER_DATE") 
  PCTFREE 10 INITRANS 2 MAXTRANS 255 COMPUTE STATISTICS 
  STORAGE(INITIAL 65536 NEXT 1048576 MINEXTENTS 1 MAXEXTENTS 2147483645
  PCTINCREASE 0 FREELISTS 1 FREELIST GROUPS 1 BUFFER_POOL DEFAULT FLASH_CACHE DEFAULT CELL_FLASH_CACHE DEFAULT)
  TABLESPACE "USERS" ;
--------------------------------------------------------
--  DDL for Index PRODUCT_PK
--------------------------------------------------------

  CREATE UNIQUE INDEX "SHOP"."PRODUCT_PK" ON "SHOP"."PRODUCT" ("PRO_IDX") 
  PCTFREE 10 INITRANS 2 MAXTRANS 255 COMPUTE STATISTICS 
  STORAGE(INITIAL 65536 NEXT 1048576 MINEXTENTS 1 MAXEXTENTS 2147483645
  PCTINCREASE 0 FREELISTS 1 FREELIST GROUPS 1 BUFFER_POOL DEFAULT FLASH_CACHE DEFAULT CELL_FLASH_CACHE DEFAULT)
  TABLESPACE "USERS" ;
--------------------------------------------------------
--  DDL for Index REVIEW_PK
--------------------------------------------------------

  CREATE UNIQUE INDEX "SHOP"."REVIEW_PK" ON "SHOP"."REVIEW" ("PRO_IDX", "MEM_IDX", "COM_DATE") 
  PCTFREE 10 INITRANS 2 MAXTRANS 255 COMPUTE STATISTICS 
  STORAGE(INITIAL 65536 NEXT 1048576 MINEXTENTS 1 MAXEXTENTS 2147483645
  PCTINCREASE 0 FREELISTS 1 FREELIST GROUPS 1 BUFFER_POOL DEFAULT FLASH_CACHE DEFAULT CELL_FLASH_CACHE DEFAULT)
  TABLESPACE "USERS" ;
--------------------------------------------------------
--  DDL for Index CART_PK
--------------------------------------------------------

  CREATE UNIQUE INDEX "SHOP"."CART_PK" ON "SHOP"."CART" ("PRO_IDX", "MEM_IDX", "INIT_DATE") 
  PCTFREE 10 INITRANS 2 MAXTRANS 255 COMPUTE STATISTICS 
  STORAGE(INITIAL 65536 NEXT 1048576 MINEXTENTS 1 MAXEXTENTS 2147483645
  PCTINCREASE 0 FREELISTS 1 FREELIST GROUPS 1 BUFFER_POOL DEFAULT FLASH_CACHE DEFAULT CELL_FLASH_CACHE DEFAULT)
  TABLESPACE "USERS" ;
--------------------------------------------------------
--  DDL for Index CATEGORY_PK
--------------------------------------------------------

  CREATE UNIQUE INDEX "SHOP"."CATEGORY_PK" ON "SHOP"."CATEGORY" ("CAT_IDX") 
  PCTFREE 10 INITRANS 2 MAXTRANS 255 COMPUTE STATISTICS 
  STORAGE(INITIAL 65536 NEXT 1048576 MINEXTENTS 1 MAXEXTENTS 2147483645
  PCTINCREASE 0 FREELISTS 1 FREELIST GROUPS 1 BUFFER_POOL DEFAULT FLASH_CACHE DEFAULT CELL_FLASH_CACHE DEFAULT)
  TABLESPACE "USERS" ;
--------------------------------------------------------
--  DDL for Index MEMBER_PK
--------------------------------------------------------

  CREATE UNIQUE INDEX "SHOP"."MEMBER_PK" ON "SHOP"."MEMBER" ("MEM_IDX") 
  PCTFREE 10 INITRANS 2 MAXTRANS 255 COMPUTE STATISTICS 
  STORAGE(INITIAL 65536 NEXT 1048576 MINEXTENTS 1 MAXEXTENTS 2147483645
  PCTINCREASE 0 FREELISTS 1 FREELIST GROUPS 1 BUFFER_POOL DEFAULT FLASH_CACHE DEFAULT CELL_FLASH_CACHE DEFAULT)
  TABLESPACE "USERS" ;
--------------------------------------------------------
--  DDL for Index ORDER_LOG_PK
--------------------------------------------------------

  CREATE UNIQUE INDEX "SHOP"."ORDER_LOG_PK" ON "SHOP"."ORDER_LOG" ("PRO_IDX", "MEM_IDX", "ORDER_DATE") 
  PCTFREE 10 INITRANS 2 MAXTRANS 255 COMPUTE STATISTICS 
  STORAGE(INITIAL 65536 NEXT 1048576 MINEXTENTS 1 MAXEXTENTS 2147483645
  PCTINCREASE 0 FREELISTS 1 FREELIST GROUPS 1 BUFFER_POOL DEFAULT FLASH_CACHE DEFAULT CELL_FLASH_CACHE DEFAULT)
  TABLESPACE "USERS" ;
--------------------------------------------------------
--  DDL for Index PRODUCT_PK
--------------------------------------------------------

  CREATE UNIQUE INDEX "SHOP"."PRODUCT_PK" ON "SHOP"."PRODUCT" ("PRO_IDX") 
  PCTFREE 10 INITRANS 2 MAXTRANS 255 COMPUTE STATISTICS 
  STORAGE(INITIAL 65536 NEXT 1048576 MINEXTENTS 1 MAXEXTENTS 2147483645
  PCTINCREASE 0 FREELISTS 1 FREELIST GROUPS 1 BUFFER_POOL DEFAULT FLASH_CACHE DEFAULT CELL_FLASH_CACHE DEFAULT)
  TABLESPACE "USERS" ;
--------------------------------------------------------
--  DDL for Index REVIEW_PK
--------------------------------------------------------

  CREATE UNIQUE INDEX "SHOP"."REVIEW_PK" ON "SHOP"."REVIEW" ("PRO_IDX", "MEM_IDX", "COM_DATE") 
  PCTFREE 10 INITRANS 2 MAXTRANS 255 COMPUTE STATISTICS 
  STORAGE(INITIAL 65536 NEXT 1048576 MINEXTENTS 1 MAXEXTENTS 2147483645
  PCTINCREASE 0 FREELISTS 1 FREELIST GROUPS 1 BUFFER_POOL DEFAULT FLASH_CACHE DEFAULT CELL_FLASH_CACHE DEFAULT)
  TABLESPACE "USERS" ;
--------------------------------------------------------
--  Constraints for Table CART
--------------------------------------------------------

  ALTER TABLE "SHOP"."CART" ADD CONSTRAINT "CART_PK" PRIMARY KEY ("PRO_IDX", "MEM_IDX", "INIT_DATE")
  USING INDEX PCTFREE 10 INITRANS 2 MAXTRANS 255 COMPUTE STATISTICS 
  STORAGE(INITIAL 65536 NEXT 1048576 MINEXTENTS 1 MAXEXTENTS 2147483645
  PCTINCREASE 0 FREELISTS 1 FREELIST GROUPS 1 BUFFER_POOL DEFAULT FLASH_CACHE DEFAULT CELL_FLASH_CACHE DEFAULT)
  TABLESPACE "USERS"  ENABLE;
  ALTER TABLE "SHOP"."CART" MODIFY ("INIT_DATE" NOT NULL ENABLE);
  ALTER TABLE "SHOP"."CART" MODIFY ("MEM_IDX" NOT NULL ENABLE);
  ALTER TABLE "SHOP"."CART" MODIFY ("PRO_IDX" NOT NULL ENABLE);
--------------------------------------------------------
--  Constraints for Table CATEGORY
--------------------------------------------------------

  ALTER TABLE "SHOP"."CATEGORY" ADD CONSTRAINT "CATEGORY_PK" PRIMARY KEY ("CAT_IDX")
  USING INDEX PCTFREE 10 INITRANS 2 MAXTRANS 255 COMPUTE STATISTICS 
  STORAGE(INITIAL 65536 NEXT 1048576 MINEXTENTS 1 MAXEXTENTS 2147483645
  PCTINCREASE 0 FREELISTS 1 FREELIST GROUPS 1 BUFFER_POOL DEFAULT FLASH_CACHE DEFAULT CELL_FLASH_CACHE DEFAULT)
  TABLESPACE "USERS"  ENABLE;
  ALTER TABLE "SHOP"."CATEGORY" MODIFY ("CAT_IDX" NOT NULL ENABLE);
--------------------------------------------------------
--  Constraints for Table MEMBER
--------------------------------------------------------

  ALTER TABLE "SHOP"."MEMBER" ADD CONSTRAINT "MEMBER_PK" PRIMARY KEY ("MEM_IDX")
  USING INDEX PCTFREE 10 INITRANS 2 MAXTRANS 255 COMPUTE STATISTICS 
  STORAGE(INITIAL 65536 NEXT 1048576 MINEXTENTS 1 MAXEXTENTS 2147483645
  PCTINCREASE 0 FREELISTS 1 FREELIST GROUPS 1 BUFFER_POOL DEFAULT FLASH_CACHE DEFAULT CELL_FLASH_CACHE DEFAULT)
  TABLESPACE "USERS"  ENABLE;
  ALTER TABLE "SHOP"."MEMBER" MODIFY ("MEM_IDX" NOT NULL ENABLE);
--------------------------------------------------------
--  Constraints for Table ORDER_LOG
--------------------------------------------------------

  ALTER TABLE "SHOP"."ORDER_LOG" ADD CONSTRAINT "ORDER_LOG_PK" PRIMARY KEY ("PRO_IDX", "MEM_IDX", "ORDER_DATE")
  USING INDEX PCTFREE 10 INITRANS 2 MAXTRANS 255 COMPUTE STATISTICS 
  STORAGE(INITIAL 65536 NEXT 1048576 MINEXTENTS 1 MAXEXTENTS 2147483645
  PCTINCREASE 0 FREELISTS 1 FREELIST GROUPS 1 BUFFER_POOL DEFAULT FLASH_CACHE DEFAULT CELL_FLASH_CACHE DEFAULT)
  TABLESPACE "USERS"  ENABLE;
  ALTER TABLE "SHOP"."ORDER_LOG" MODIFY ("QUANTITY" NOT NULL ENABLE);
  ALTER TABLE "SHOP"."ORDER_LOG" MODIFY ("ORDER_DATE" NOT NULL ENABLE);
  ALTER TABLE "SHOP"."ORDER_LOG" MODIFY ("MEM_IDX" NOT NULL ENABLE);
  ALTER TABLE "SHOP"."ORDER_LOG" MODIFY ("PRO_IDX" NOT NULL ENABLE);
--------------------------------------------------------
--  Constraints for Table PRODUCT
--------------------------------------------------------

  ALTER TABLE "SHOP"."PRODUCT" ADD CONSTRAINT "PRODUCT_PK" PRIMARY KEY ("PRO_IDX")
  USING INDEX PCTFREE 10 INITRANS 2 MAXTRANS 255 COMPUTE STATISTICS 
  STORAGE(INITIAL 65536 NEXT 1048576 MINEXTENTS 1 MAXEXTENTS 2147483645
  PCTINCREASE 0 FREELISTS 1 FREELIST GROUPS 1 BUFFER_POOL DEFAULT FLASH_CACHE DEFAULT CELL_FLASH_CACHE DEFAULT)
  TABLESPACE "USERS"  ENABLE;
  ALTER TABLE "SHOP"."PRODUCT" MODIFY ("PRO_IDX" NOT NULL ENABLE);
--------------------------------------------------------
--  Constraints for Table REVIEW
--------------------------------------------------------

  ALTER TABLE "SHOP"."REVIEW" ADD CONSTRAINT "REVIEW_PK" PRIMARY KEY ("PRO_IDX", "MEM_IDX", "COM_DATE")
  USING INDEX PCTFREE 10 INITRANS 2 MAXTRANS 255 COMPUTE STATISTICS 
  STORAGE(INITIAL 65536 NEXT 1048576 MINEXTENTS 1 MAXEXTENTS 2147483645
  PCTINCREASE 0 FREELISTS 1 FREELIST GROUPS 1 BUFFER_POOL DEFAULT FLASH_CACHE DEFAULT CELL_FLASH_CACHE DEFAULT)
  TABLESPACE "USERS"  ENABLE;
  ALTER TABLE "SHOP"."REVIEW" MODIFY ("COM_DATE" NOT NULL ENABLE);
  ALTER TABLE "SHOP"."REVIEW" MODIFY ("MEM_IDX" NOT NULL ENABLE);
  ALTER TABLE "SHOP"."REVIEW" MODIFY ("PRO_IDX" NOT NULL ENABLE);
--------------------------------------------------------
--  Ref Constraints for Table CART
--------------------------------------------------------

  ALTER TABLE "SHOP"."CART" ADD CONSTRAINT "CART_FK1" FOREIGN KEY ("MEM_IDX")
	  REFERENCES "SHOP"."MEMBER" ("MEM_IDX") ON DELETE CASCADE ENABLE;
  ALTER TABLE "SHOP"."CART" ADD CONSTRAINT "CART_FK2" FOREIGN KEY ("PRO_IDX")
	  REFERENCES "SHOP"."PRODUCT" ("PRO_IDX") ON DELETE CASCADE ENABLE;
--------------------------------------------------------
--  Ref Constraints for Table ORDER_LOG
--------------------------------------------------------

  ALTER TABLE "SHOP"."ORDER_LOG" ADD CONSTRAINT "ORDER_LOG_FK1" FOREIGN KEY ("MEM_IDX")
	  REFERENCES "SHOP"."MEMBER" ("MEM_IDX") ON DELETE SET NULL ENABLE;
  ALTER TABLE "SHOP"."ORDER_LOG" ADD CONSTRAINT "ORDER_LOG_FK2" FOREIGN KEY ("PRO_IDX")
	  REFERENCES "SHOP"."PRODUCT" ("PRO_IDX") ON DELETE SET NULL ENABLE;
--------------------------------------------------------
--  Ref Constraints for Table PRODUCT
--------------------------------------------------------

  ALTER TABLE "SHOP"."PRODUCT" ADD CONSTRAINT "PRODUCT_FK1" FOREIGN KEY ("CATEGORY_ID")
	  REFERENCES "SHOP"."CATEGORY" ("CAT_IDX") ON DELETE SET NULL ENABLE;
--------------------------------------------------------
--  Ref Constraints for Table REVIEW
--------------------------------------------------------

  ALTER TABLE "SHOP"."REVIEW" ADD CONSTRAINT "REVIEW_FK1" FOREIGN KEY ("MEM_IDX")
	  REFERENCES "SHOP"."MEMBER" ("MEM_IDX") ON DELETE CASCADE ENABLE;
  ALTER TABLE "SHOP"."REVIEW" ADD CONSTRAINT "REVIEW_FK2" FOREIGN KEY ("PRO_IDX")
	  REFERENCES "SHOP"."PRODUCT" ("PRO_IDX") ON DELETE CASCADE ENABLE;
